DateKey,Date,Day,WeekNum,Month,MonthShort,MonthNum,Quarter,Year
20110101,1/1/2011,Saturday,1,January,Jan,1,1,2011
20110102,1/2/2011,Sunday,2,January,Jan,1,1,2011
20110103,1/3/2011,Monday,2,January,Jan,1,1,2011
20110104,1/4/2011,Tuesday,2,January,Jan,1,1,2011
20110105,1/5/2011,Wednesday,2,January,Jan,1,1,2011
20110106,1/6/2011,Thursday,2,January,Jan,1,1,2011
20110107,1/7/2011,Friday,2,January,Jan,1,1,2011
20110108,1/8/2011,Saturday,2,January,Jan,1,1,2011
20110109,1/9/2011,Sunday,3,January,Jan,1,1,2011
20110110,1/10/2011,Monday,3,January,Jan,1,1,2011
20110111,1/11/2011,Tuesday,3,January,Jan,1,1,2011
20110112,1/12/2011,Wednesday,3,January,Jan,1,1,2011
20110113,1/13/2011,Thursday,3,January,Jan,1,1,2011
20110114,1/14/2011,Friday,3,January,Jan,1,1,2011
20110115,1/15/2011,Saturday,3,January,Jan,1,1,2011
20110116,1/16/2011,Sunday,4,January,Jan,1,1,2011
20110117,1/17/2011,Monday,4,January,Jan,1,1,2011
20110118,1/18/2011,Tuesday,4,January,Jan,1,1,2011
20110119,1/19/2011,Wednesday,4,January,Jan,1,1,2011
20110120,1/20/2011,Thursday,4,January,Jan,1,1,2011
20110121,1/21/2011,Friday,4,January,Jan,1,1,2011
20110122,1/22/2011,Saturday,4,January,Jan,1,1,2011
20110123,1/23/2011,Sunday,5,January,Jan,1,1,2011
20110124,1/24/2011,Monday,5,January,Jan,1,1,2011
20110125,1/25/2011,Tuesday,5,January,Jan,1,1,2011
20110126,1/26/2011,Wednesday,5,January,Jan,1,1,2011
20110127,1/27/2011,Thursday,5,January,Jan,1,1,2011
20110128,1/28/2011,Friday,5,January,Jan,1,1,2011
20110129,1/29/2011,Saturday,5,January,Jan,1,1,2011
20110130,1/30/2011,Sunday,6,January,Jan,1,1,2011
20110131,1/31/2011,Monday,6,January,Jan,1,1,2011
20110201,2/1/2011,Tuesday,6,February,Feb,2,1,2011
20110202,2/2/2011,Wednesday,6,February,Feb,2,1,2011
20110203,2/3/2011,Thursday,6,February,Feb,2,1,2011
20110204,2/4/2011,Friday,6,February,Feb,2,1,2011
20110205,2/5/2011,Saturday,6,February,Feb,2,1,2011
20110206,2/6/2011,Sunday,7,February,Feb,2,1,2011
20110207,2/7/2011,Monday,7,February,Feb,2,1,2011
20110208,2/8/2011,Tuesday,7,February,Feb,2,1,2011
20110209,2/9/2011,Wednesday,7,February,Feb,2,1,2011
20110210,2/10/2011,Thursday,7,February,Feb,2,1,2011
20110211,2/11/2011,Friday,7,February,Feb,2,1,2011
20110212,2/12/2011,Saturday,7,February,Feb,2,1,2011
20110213,2/13/2011,Sunday,8,February,Feb,2,1,2011
20110214,2/14/2011,Monday,8,February,Feb,2,1,2011
20110215,2/15/2011,Tuesday,8,February,Feb,2,1,2011
20110216,2/16/2011,Wednesday,8,February,Feb,2,1,2011
20110217,2/17/2011,Thursday,8,February,Feb,2,1,2011
20110218,2/18/2011,Friday,8,February,Feb,2,1,2011
20110219,2/19/2011,Saturday,8,February,Feb,2,1,2011
20110220,2/20/2011,Sunday,9,February,Feb,2,1,2011
20110221,2/21/2011,Monday,9,February,Feb,2,1,2011
20110222,2/22/2011,Tuesday,9,February,Feb,2,1,2011
20110223,2/23/2011,Wednesday,9,February,Feb,2,1,2011
20110224,2/24/2011,Thursday,9,February,Feb,2,1,2011
20110225,2/25/2011,Friday,9,February,Feb,2,1,2011
20110226,2/26/2011,Saturday,9,February,Feb,2,1,2011
20110227,2/27/2011,Sunday,10,February,Feb,2,1,2011
20110228,2/28/2011,Monday,10,February,Feb,2,1,2011
20110301,3/1/2011,Tuesday,10,March,Mar,3,1,2011
20110302,3/2/2011,Wednesday,10,March,Mar,3,1,2011
20110303,3/3/2011,Thursday,10,March,Mar,3,1,2011
20110304,3/4/2011,Friday,10,March,Mar,3,1,2011
20110305,3/5/2011,Saturday,10,March,Mar,3,1,2011
20110306,3/6/2011,Sunday,11,March,Mar,3,1,2011
20110307,3/7/2011,Monday,11,March,Mar,3,1,2011
20110308,3/8/2011,Tuesday,11,March,Mar,3,1,2011
20110309,3/9/2011,Wednesday,11,March,Mar,3,1,2011
20110310,3/10/2011,Thursday,11,March,Mar,3,1,2011
20110311,3/11/2011,Friday,11,March,Mar,3,1,2011
20110312,3/12/2011,Saturday,11,March,Mar,3,1,2011
20110313,3/13/2011,Sunday,12,March,Mar,3,1,2011
20110314,3/14/2011,Monday,12,March,Mar,3,1,2011
20110315,3/15/2011,Tuesday,12,March,Mar,3,1,2011
20110316,3/16/2011,Wednesday,12,March,Mar,3,1,2011
20110317,3/17/2011,Thursday,12,March,Mar,3,1,2011
20110318,3/18/2011,Friday,12,March,Mar,3,1,2011
20110319,3/19/2011,Saturday,12,March,Mar,3,1,2011
20110320,3/20/2011,Sunday,13,March,Mar,3,1,2011
20110321,3/21/2011,Monday,13,March,Mar,3,1,2011
20110322,3/22/2011,Tuesday,13,March,Mar,3,1,2011
20110323,3/23/2011,Wednesday,13,March,Mar,3,1,2011
20110324,3/24/2011,Thursday,13,March,Mar,3,1,2011
20110325,3/25/2011,Friday,13,March,Mar,3,1,2011
20110326,3/26/2011,Saturday,13,March,Mar,3,1,2011
20110327,3/27/2011,Sunday,14,March,Mar,3,1,2011
20110328,3/28/2011,Monday,14,March,Mar,3,1,2011
20110329,3/29/2011,Tuesday,14,March,Mar,3,1,2011
20110330,3/30/2011,Wednesday,14,March,Mar,3,1,2011
20110331,3/31/2011,Thursday,14,March,Mar,3,1,2011
20110401,4/1/2011,Friday,14,April,Apr,4,2,2011
20110402,4/2/2011,Saturday,14,April,Apr,4,2,2011
20110403,4/3/2011,Sunday,15,April,Apr,4,2,2011
20110404,4/4/2011,Monday,15,April,Apr,4,2,2011
20110405,4/5/2011,Tuesday,15,April,Apr,4,2,2011
20110406,4/6/2011,Wednesday,15,April,Apr,4,2,2011
20110407,4/7/2011,Thursday,15,April,Apr,4,2,2011
20110408,4/8/2011,Friday,15,April,Apr,4,2,2011
20110409,4/9/2011,Saturday,15,April,Apr,4,2,2011
20110410,4/10/2011,Sunday,16,April,Apr,4,2,2011
20110411,4/11/2011,Monday,16,April,Apr,4,2,2011
20110412,4/12/2011,Tuesday,16,April,Apr,4,2,2011
20110413,4/13/2011,Wednesday,16,April,Apr,4,2,2011
20110414,4/14/2011,Thursday,16,April,Apr,4,2,2011
20110415,4/15/2011,Friday,16,April,Apr,4,2,2011
20110416,4/16/2011,Saturday,16,April,Apr,4,2,2011
20110417,4/17/2011,Sunday,17,April,Apr,4,2,2011
20110418,4/18/2011,Monday,17,April,Apr,4,2,2011
20110419,4/19/2011,Tuesday,17,April,Apr,4,2,2011
20110420,4/20/2011,Wednesday,17,April,Apr,4,2,2011
20110421,4/21/2011,Thursday,17,April,Apr,4,2,2011
20110422,4/22/2011,Friday,17,April,Apr,4,2,2011
20110423,4/23/2011,Saturday,17,April,Apr,4,2,2011
20110424,4/24/2011,Sunday,18,April,Apr,4,2,2011
20110425,4/25/2011,Monday,18,April,Apr,4,2,2011
20110426,4/26/2011,Tuesday,18,April,Apr,4,2,2011
20110427,4/27/2011,Wednesday,18,April,Apr,4,2,2011
20110428,4/28/2011,Thursday,18,April,Apr,4,2,2011
20110429,4/29/2011,Friday,18,April,Apr,4,2,2011
20110430,4/30/2011,Saturday,18,April,Apr,4,2,2011
20110501,5/1/2011,Sunday,19,May,May,5,2,2011
20110502,5/2/2011,Monday,19,May,May,5,2,2011
20110503,5/3/2011,Tuesday,19,May,May,5,2,2011
20110504,5/4/2011,Wednesday,19,May,May,5,2,2011
20110505,5/5/2011,Thursday,19,May,May,5,2,2011
20110506,5/6/2011,Friday,19,May,May,5,2,2011
20110507,5/7/2011,Saturday,19,May,May,5,2,2011
20110508,5/8/2011,Sunday,20,May,May,5,2,2011
20110509,5/9/2011,Monday,20,May,May,5,2,2011
20110510,5/10/2011,Tuesday,20,May,May,5,2,2011
20110511,5/11/2011,Wednesday,20,May,May,5,2,2011
20110512,5/12/2011,Thursday,20,May,May,5,2,2011
20110513,5/13/2011,Friday,20,May,May,5,2,2011
20110514,5/14/2011,Saturday,20,May,May,5,2,2011
20110515,5/15/2011,Sunday,21,May,May,5,2,2011
20110516,5/16/2011,Monday,21,May,May,5,2,2011
20110517,5/17/2011,Tuesday,21,May,May,5,2,2011
20110518,5/18/2011,Wednesday,21,May,May,5,2,2011
20110519,5/19/2011,Thursday,21,May,May,5,2,2011
20110520,5/20/2011,Friday,21,May,May,5,2,2011
20110521,5/21/2011,Saturday,21,May,May,5,2,2011
20110522,5/22/2011,Sunday,22,May,May,5,2,2011
20110523,5/23/2011,Monday,22,May,May,5,2,2011
20110524,5/24/2011,Tuesday,22,May,May,5,2,2011
20110525,5/25/2011,Wednesday,22,May,May,5,2,2011
20110526,5/26/2011,Thursday,22,May,May,5,2,2011
20110527,5/27/2011,Friday,22,May,May,5,2,2011
20110528,5/28/2011,Saturday,22,May,May,5,2,2011
20110529,5/29/2011,Sunday,23,May,May,5,2,2011
20110530,5/30/2011,Monday,23,May,May,5,2,2011
20110531,5/31/2011,Tuesday,23,May,May,5,2,2011
20110601,6/1/2011,Wednesday,23,June,Jun,6,2,2011
20110602,6/2/2011,Thursday,23,June,Jun,6,2,2011
20110603,6/3/2011,Friday,23,June,Jun,6,2,2011
20110604,6/4/2011,Saturday,23,June,Jun,6,2,2011
20110605,6/5/2011,Sunday,24,June,Jun,6,2,2011
20110606,6/6/2011,Monday,24,June,Jun,6,2,2011
20110607,6/7/2011,Tuesday,24,June,Jun,6,2,2011
20110608,6/8/2011,Wednesday,24,June,Jun,6,2,2011
20110609,6/9/2011,Thursday,24,June,Jun,6,2,2011
20110610,6/10/2011,Friday,24,June,Jun,6,2,2011
20110611,6/11/2011,Saturday,24,June,Jun,6,2,2011
20110612,6/12/2011,Sunday,25,June,Jun,6,2,2011
20110613,6/13/2011,Monday,25,June,Jun,6,2,2011
20110614,6/14/2011,Tuesday,25,June,Jun,6,2,2011
20110615,6/15/2011,Wednesday,25,June,Jun,6,2,2011
20110616,6/16/2011,Thursday,25,June,Jun,6,2,2011
20110617,6/17/2011,Friday,25,June,Jun,6,2,2011
20110618,6/18/2011,Saturday,25,June,Jun,6,2,2011
20110619,6/19/2011,Sunday,26,June,Jun,6,2,2011
20110620,6/20/2011,Monday,26,June,Jun,6,2,2011
20110621,6/21/2011,Tuesday,26,June,Jun,6,2,2011
20110622,6/22/2011,Wednesday,26,June,Jun,6,2,2011
20110623,6/23/2011,Thursday,26,June,Jun,6,2,2011
20110624,6/24/2011,Friday,26,June,Jun,6,2,2011
20110625,6/25/2011,Saturday,26,June,Jun,6,2,2011
20110626,6/26/2011,Sunday,27,June,Jun,6,2,2011
20110627,6/27/2011,Monday,27,June,Jun,6,2,2011
20110628,6/28/2011,Tuesday,27,June,Jun,6,2,2011
20110629,6/29/2011,Wednesday,27,June,Jun,6,2,2011
20110630,6/30/2011,Thursday,27,June,Jun,6,2,2011
20110701,7/1/2011,Friday,27,July,Jul,7,3,2011
20110702,7/2/2011,Saturday,27,July,Jul,7,3,2011
20110703,7/3/2011,Sunday,28,July,Jul,7,3,2011
20110704,7/4/2011,Monday,28,July,Jul,7,3,2011
20110705,7/5/2011,Tuesday,28,July,Jul,7,3,2011
20110706,7/6/2011,Wednesday,28,July,Jul,7,3,2011
20110707,7/7/2011,Thursday,28,July,Jul,7,3,2011
20110708,7/8/2011,Friday,28,July,Jul,7,3,2011
20110709,7/9/2011,Saturday,28,July,Jul,7,3,2011
20110710,7/10/2011,Sunday,29,July,Jul,7,3,2011
20110711,7/11/2011,Monday,29,July,Jul,7,3,2011
20110712,7/12/2011,Tuesday,29,July,Jul,7,3,2011
20110713,7/13/2011,Wednesday,29,July,Jul,7,3,2011
20110714,7/14/2011,Thursday,29,July,Jul,7,3,2011
20110715,7/15/2011,Friday,29,July,Jul,7,3,2011
20110716,7/16/2011,Saturday,29,July,Jul,7,3,2011
20110717,7/17/2011,Sunday,30,July,Jul,7,3,2011
20110718,7/18/2011,Monday,30,July,Jul,7,3,2011
20110719,7/19/2011,Tuesday,30,July,Jul,7,3,2011
20110720,7/20/2011,Wednesday,30,July,Jul,7,3,2011
20110721,7/21/2011,Thursday,30,July,Jul,7,3,2011
20110722,7/22/2011,Friday,30,July,Jul,7,3,2011
20110723,7/23/2011,Saturday,30,July,Jul,7,3,2011
20110724,7/24/2011,Sunday,31,July,Jul,7,3,2011
20110725,7/25/2011,Monday,31,July,Jul,7,3,2011
20110726,7/26/2011,Tuesday,31,July,Jul,7,3,2011
20110727,7/27/2011,Wednesday,31,July,Jul,7,3,2011
20110728,7/28/2011,Thursday,31,July,Jul,7,3,2011
20110729,7/29/2011,Friday,31,July,Jul,7,3,2011
20110730,7/30/2011,Saturday,31,July,Jul,7,3,2011
20110731,7/31/2011,Sunday,32,July,Jul,7,3,2011
20110801,8/1/2011,Monday,32,August,Aug,8,3,2011
20110802,8/2/2011,Tuesday,32,August,Aug,8,3,2011
20110803,8/3/2011,Wednesday,32,August,Aug,8,3,2011
20110804,8/4/2011,Thursday,32,August,Aug,8,3,2011
20110805,8/5/2011,Friday,32,August,Aug,8,3,2011
20110806,8/6/2011,Saturday,32,August,Aug,8,3,2011
20110807,8/7/2011,Sunday,33,August,Aug,8,3,2011
20110808,8/8/2011,Monday,33,August,Aug,8,3,2011
20110809,8/9/2011,Tuesday,33,August,Aug,8,3,2011
20110810,8/10/2011,Wednesday,33,August,Aug,8,3,2011
20110811,8/11/2011,Thursday,33,August,Aug,8,3,2011
20110812,8/12/2011,Friday,33,August,Aug,8,3,2011
20110813,8/13/2011,Saturday,33,August,Aug,8,3,2011
20110814,8/14/2011,Sunday,34,August,Aug,8,3,2011
20110815,8/15/2011,Monday,34,August,Aug,8,3,2011
20110816,8/16/2011,Tuesday,34,August,Aug,8,3,2011
20110817,8/17/2011,Wednesday,34,August,Aug,8,3,2011
20110818,8/18/2011,Thursday,34,August,Aug,8,3,2011
20110819,8/19/2011,Friday,34,August,Aug,8,3,2011
20110820,8/20/2011,Saturday,34,August,Aug,8,3,2011
20110821,8/21/2011,Sunday,35,August,Aug,8,3,2011
20110822,8/22/2011,Monday,35,August,Aug,8,3,2011
20110823,8/23/2011,Tuesday,35,August,Aug,8,3,2011
20110824,8/24/2011,Wednesday,35,August,Aug,8,3,2011
20110825,8/25/2011,Thursday,35,August,Aug,8,3,2011
20110826,8/26/2011,Friday,35,August,Aug,8,3,2011
20110827,8/27/2011,Saturday,35,August,Aug,8,3,2011
20110828,8/28/2011,Sunday,36,August,Aug,8,3,2011
20110829,8/29/2011,Monday,36,August,Aug,8,3,2011
20110830,8/30/2011,Tuesday,36,August,Aug,8,3,2011
20110831,8/31/2011,Wednesday,36,August,Aug,8,3,2011
20110901,9/1/2011,Thursday,36,September,Sep,9,3,2011
20110902,9/2/2011,Friday,36,September,Sep,9,3,2011
20110903,9/3/2011,Saturday,36,September,Sep,9,3,2011
20110904,9/4/2011,Sunday,37,September,Sep,9,3,2011
20110905,9/5/2011,Monday,37,September,Sep,9,3,2011
20110906,9/6/2011,Tuesday,37,September,Sep,9,3,2011
20110907,9/7/2011,Wednesday,37,September,Sep,9,3,2011
20110908,9/8/2011,Thursday,37,September,Sep,9,3,2011
20110909,9/9/2011,Friday,37,September,Sep,9,3,2011
20110910,9/10/2011,Saturday,37,September,Sep,9,3,2011
20110911,9/11/2011,Sunday,38,September,Sep,9,3,2011
20110912,9/12/2011,Monday,38,September,Sep,9,3,2011
20110913,9/13/2011,Tuesday,38,September,Sep,9,3,2011
20110914,9/14/2011,Wednesday,38,September,Sep,9,3,2011
20110915,9/15/2011,Thursday,38,September,Sep,9,3,2011
20110916,9/16/2011,Friday,38,September,Sep,9,3,2011
20110917,9/17/2011,Saturday,38,September,Sep,9,3,2011
20110918,9/18/2011,Sunday,39,September,Sep,9,3,2011
20110919,9/19/2011,Monday,39,September,Sep,9,3,2011
20110920,9/20/2011,Tuesday,39,September,Sep,9,3,2011
20110921,9/21/2011,Wednesday,39,September,Sep,9,3,2011
20110922,9/22/2011,Thursday,39,September,Sep,9,3,2011
20110923,9/23/2011,Friday,39,September,Sep,9,3,2011
20110924,9/24/2011,Saturday,39,September,Sep,9,3,2011
20110925,9/25/2011,Sunday,40,September,Sep,9,3,2011
20110926,9/26/2011,Monday,40,September,Sep,9,3,2011
20110927,9/27/2011,Tuesday,40,September,Sep,9,3,2011
20110928,9/28/2011,Wednesday,40,September,Sep,9,3,2011
20110929,9/29/2011,Thursday,40,September,Sep,9,3,2011
20110930,9/30/2011,Friday,40,September,Sep,9,3,2011
20111001,10/1/2011,Saturday,40,October,Oct,10,4,2011
20111002,10/2/2011,Sunday,41,October,Oct,10,4,2011
20111003,10/3/2011,Monday,41,October,Oct,10,4,2011
20111004,10/4/2011,Tuesday,41,October,Oct,10,4,2011
20111005,10/5/2011,Wednesday,41,October,Oct,10,4,2011
20111006,10/6/2011,Thursday,41,October,Oct,10,4,2011
20111007,10/7/2011,Friday,41,October,Oct,10,4,2011
20111008,10/8/2011,Saturday,41,October,Oct,10,4,2011
20111009,10/9/2011,Sunday,42,October,Oct,10,4,2011
20111010,10/10/2011,Monday,42,October,Oct,10,4,2011
20111011,10/11/2011,Tuesday,42,October,Oct,10,4,2011
20111012,10/12/2011,Wednesday,42,October,Oct,10,4,2011
20111013,10/13/2011,Thursday,42,October,Oct,10,4,2011
20111014,10/14/2011,Friday,42,October,Oct,10,4,2011
20111015,10/15/2011,Saturday,42,October,Oct,10,4,2011
20111016,10/16/2011,Sunday,43,October,Oct,10,4,2011
20111017,10/17/2011,Monday,43,October,Oct,10,4,2011
20111018,10/18/2011,Tuesday,43,October,Oct,10,4,2011
20111019,10/19/2011,Wednesday,43,October,Oct,10,4,2011
20111020,10/20/2011,Thursday,43,October,Oct,10,4,2011
20111021,10/21/2011,Friday,43,October,Oct,10,4,2011
20111022,10/22/2011,Saturday,43,October,Oct,10,4,2011
20111023,10/23/2011,Sunday,44,October,Oct,10,4,2011
20111024,10/24/2011,Monday,44,October,Oct,10,4,2011
20111025,10/25/2011,Tuesday,44,October,Oct,10,4,2011
20111026,10/26/2011,Wednesday,44,October,Oct,10,4,2011
20111027,10/27/2011,Thursday,44,October,Oct,10,4,2011
20111028,10/28/2011,Friday,44,October,Oct,10,4,2011
20111029,10/29/2011,Saturday,44,October,Oct,10,4,2011
20111030,10/30/2011,Sunday,45,October,Oct,10,4,2011
20111031,10/31/2011,Monday,45,October,Oct,10,4,2011
20111101,11/1/2011,Tuesday,45,November,Nov,11,4,2011
20111102,11/2/2011,Wednesday,45,November,Nov,11,4,2011
20111103,11/3/2011,Thursday,45,November,Nov,11,4,2011
20111104,11/4/2011,Friday,45,November,Nov,11,4,2011
20111105,11/5/2011,Saturday,45,November,Nov,11,4,2011
20111106,11/6/2011,Sunday,46,November,Nov,11,4,2011
20111107,11/7/2011,Monday,46,November,Nov,11,4,2011
20111108,11/8/2011,Tuesday,46,November,Nov,11,4,2011
20111109,11/9/2011,Wednesday,46,November,Nov,11,4,2011
20111110,11/10/2011,Thursday,46,November,Nov,11,4,2011
20111111,11/11/2011,Friday,46,November,Nov,11,4,2011
20111112,11/12/2011,Saturday,46,November,Nov,11,4,2011
20111113,11/13/2011,Sunday,47,November,Nov,11,4,2011
20111114,11/14/2011,Monday,47,November,Nov,11,4,2011
20111115,11/15/2011,Tuesday,47,November,Nov,11,4,2011
20111116,11/16/2011,Wednesday,47,November,Nov,11,4,2011
20111117,11/17/2011,Thursday,47,November,Nov,11,4,2011
20111118,11/18/2011,Friday,47,November,Nov,11,4,2011
20111119,11/19/2011,Saturday,47,November,Nov,11,4,2011
20111120,11/20/2011,Sunday,48,November,Nov,11,4,2011
20111121,11/21/2011,Monday,48,November,Nov,11,4,2011
20111122,11/22/2011,Tuesday,48,November,Nov,11,4,2011
20111123,11/23/2011,Wednesday,48,November,Nov,11,4,2011
20111124,11/24/2011,Thursday,48,November,Nov,11,4,2011
20111125,11/25/2011,Friday,48,November,Nov,11,4,2011
20111126,11/26/2011,Saturday,48,November,Nov,11,4,2011
20111127,11/27/2011,Sunday,49,November,Nov,11,4,2011
20111128,11/28/2011,Monday,49,November,Nov,11,4,2011
20111129,11/29/2011,Tuesday,49,November,Nov,11,4,2011
20111130,11/30/2011,Wednesday,49,November,Nov,11,4,2011
20111201,12/1/2011,Thursday,49,December,Dec,12,4,2011
20111202,12/2/2011,Friday,49,December,Dec,12,4,2011
20111203,12/3/2011,Saturday,49,December,Dec,12,4,2011
20111204,12/4/2011,Sunday,50,December,Dec,12,4,2011
20111205,12/5/2011,Monday,50,December,Dec,12,4,2011
20111206,12/6/2011,Tuesday,50,December,Dec,12,4,2011
20111207,12/7/2011,Wednesday,50,December,Dec,12,4,2011
20111208,12/8/2011,Thursday,50,December,Dec,12,4,2011
20111209,12/9/2011,Friday,50,December,Dec,12,4,2011
20111210,12/10/2011,Saturday,50,December,Dec,12,4,2011
20111211,12/11/2011,Sunday,51,December,Dec,12,4,2011
20111212,12/12/2011,Monday,51,December,Dec,12,4,2011
20111213,12/13/2011,Tuesday,51,December,Dec,12,4,2011
20111214,12/14/2011,Wednesday,51,December,Dec,12,4,2011
20111215,12/15/2011,Thursday,51,December,Dec,12,4,2011
20111216,12/16/2011,Friday,51,December,Dec,12,4,2011
20111217,12/17/2011,Saturday,51,December,Dec,12,4,2011
20111218,12/18/2011,Sunday,52,December,Dec,12,4,2011
20111219,12/19/2011,Monday,52,December,Dec,12,4,2011
20111220,12/20/2011,Tuesday,52,December,Dec,12,4,2011
20111221,12/21/2011,Wednesday,52,December,Dec,12,4,2011
20111222,12/22/2011,Thursday,52,December,Dec,12,4,2011
20111223,12/23/2011,Friday,52,December,Dec,12,4,2011
20111224,12/24/2011,Saturday,52,December,Dec,12,4,2011
20111225,12/25/2011,Sunday,53,December,Dec,12,4,2011
20111226,12/26/2011,Monday,53,December,Dec,12,4,2011
20111227,12/27/2011,Tuesday,53,December,Dec,12,4,2011
20111228,12/28/2011,Wednesday,53,December,Dec,12,4,2011
20111229,12/29/2011,Thursday,53,December,Dec,12,4,2011
20111230,12/30/2011,Friday,53,December,Dec,12,4,2011
20111231,12/31/2011,Saturday,53,December,Dec,12,4,2011
20120101,1/1/2012,Sunday,1,January,Jan,1,1,2012
20120102,1/2/2012,Monday,1,January,Jan,1,1,2012
20120103,1/3/2012,Tuesday,1,January,Jan,1,1,2012
20120104,1/4/2012,Wednesday,1,January,Jan,1,1,2012
20120105,1/5/2012,Thursday,1,January,Jan,1,1,2012
20120106,1/6/2012,Friday,1,January,Jan,1,1,2012
20120107,1/7/2012,Saturday,1,January,Jan,1,1,2012
20120108,1/8/2012,Sunday,2,January,Jan,1,1,2012
20120109,1/9/2012,Monday,2,January,Jan,1,1,2012
20120110,1/10/2012,Tuesday,2,January,Jan,1,1,2012
20120111,1/11/2012,Wednesday,2,January,Jan,1,1,2012
20120112,1/12/2012,Thursday,2,January,Jan,1,1,2012
20120113,1/13/2012,Friday,2,January,Jan,1,1,2012
20120114,1/14/2012,Saturday,2,January,Jan,1,1,2012
20120115,1/15/2012,Sunday,3,January,Jan,1,1,2012
20120116,1/16/2012,Monday,3,January,Jan,1,1,2012
20120117,1/17/2012,Tuesday,3,January,Jan,1,1,2012
20120118,1/18/2012,Wednesday,3,January,Jan,1,1,2012
20120119,1/19/2012,Thursday,3,January,Jan,1,1,2012
20120120,1/20/2012,Friday,3,January,Jan,1,1,2012
20120121,1/21/2012,Saturday,3,January,Jan,1,1,2012
20120122,1/22/2012,Sunday,4,January,Jan,1,1,2012
20120123,1/23/2012,Monday,4,January,Jan,1,1,2012
20120124,1/24/2012,Tuesday,4,January,Jan,1,1,2012
20120125,1/25/2012,Wednesday,4,January,Jan,1,1,2012
20120126,1/26/2012,Thursday,4,January,Jan,1,1,2012
20120127,1/27/2012,Friday,4,January,Jan,1,1,2012
20120128,1/28/2012,Saturday,4,January,Jan,1,1,2012
20120129,1/29/2012,Sunday,5,January,Jan,1,1,2012
20120130,1/30/2012,Monday,5,January,Jan,1,1,2012
20120131,1/31/2012,Tuesday,5,January,Jan,1,1,2012
20120201,2/1/2012,Wednesday,5,February,Feb,2,1,2012
20120202,2/2/2012,Thursday,5,February,Feb,2,1,2012
20120203,2/3/2012,Friday,5,February,Feb,2,1,2012
20120204,2/4/2012,Saturday,5,February,Feb,2,1,2012
20120205,2/5/2012,Sunday,6,February,Feb,2,1,2012
20120206,2/6/2012,Monday,6,February,Feb,2,1,2012
20120207,2/7/2012,Tuesday,6,February,Feb,2,1,2012
20120208,2/8/2012,Wednesday,6,February,Feb,2,1,2012
20120209,2/9/2012,Thursday,6,February,Feb,2,1,2012
20120210,2/10/2012,Friday,6,February,Feb,2,1,2012
20120211,2/11/2012,Saturday,6,February,Feb,2,1,2012
20120212,2/12/2012,Sunday,7,February,Feb,2,1,2012
20120213,2/13/2012,Monday,7,February,Feb,2,1,2012
20120214,2/14/2012,Tuesday,7,February,Feb,2,1,2012
20120215,2/15/2012,Wednesday,7,February,Feb,2,1,2012
20120216,2/16/2012,Thursday,7,February,Feb,2,1,2012
20120217,2/17/2012,Friday,7,February,Feb,2,1,2012
20120218,2/18/2012,Saturday,7,February,Feb,2,1,2012
20120219,2/19/2012,Sunday,8,February,Feb,2,1,2012
20120220,2/20/2012,Monday,8,February,Feb,2,1,2012
20120221,2/21/2012,Tuesday,8,February,Feb,2,1,2012
20120222,2/22/2012,Wednesday,8,February,Feb,2,1,2012
20120223,2/23/2012,Thursday,8,February,Feb,2,1,2012
20120224,2/24/2012,Friday,8,February,Feb,2,1,2012
20120225,2/25/2012,Saturday,8,February,Feb,2,1,2012
20120226,2/26/2012,Sunday,9,February,Feb,2,1,2012
20120227,2/27/2012,Monday,9,February,Feb,2,1,2012
20120228,2/28/2012,Tuesday,9,February,Feb,2,1,2012
20120229,2/29/2012,Wednesday,9,February,Feb,2,1,2012
20120301,3/1/2012,Thursday,9,March,Mar,3,1,2012
20120302,3/2/2012,Friday,9,March,Mar,3,1,2012
20120303,3/3/2012,Saturday,9,March,Mar,3,1,2012
20120304,3/4/2012,Sunday,10,March,Mar,3,1,2012
20120305,3/5/2012,Monday,10,March,Mar,3,1,2012
20120306,3/6/2012,Tuesday,10,March,Mar,3,1,2012
20120307,3/7/2012,Wednesday,10,March,Mar,3,1,2012
20120308,3/8/2012,Thursday,10,March,Mar,3,1,2012
20120309,3/9/2012,Friday,10,March,Mar,3,1,2012
20120310,3/10/2012,Saturday,10,March,Mar,3,1,2012
20120311,3/11/2012,Sunday,11,March,Mar,3,1,2012
20120312,3/12/2012,Monday,11,March,Mar,3,1,2012
20120313,3/13/2012,Tuesday,11,March,Mar,3,1,2012
20120314,3/14/2012,Wednesday,11,March,Mar,3,1,2012
20120315,3/15/2012,Thursday,11,March,Mar,3,1,2012
20120316,3/16/2012,Friday,11,March,Mar,3,1,2012
20120317,3/17/2012,Saturday,11,March,Mar,3,1,2012
20120318,3/18/2012,Sunday,12,March,Mar,3,1,2012
20120319,3/19/2012,Monday,12,March,Mar,3,1,2012
20120320,3/20/2012,Tuesday,12,March,Mar,3,1,2012
20120321,3/21/2012,Wednesday,12,March,Mar,3,1,2012
20120322,3/22/2012,Thursday,12,March,Mar,3,1,2012
20120323,3/23/2012,Friday,12,March,Mar,3,1,2012
20120324,3/24/2012,Saturday,12,March,Mar,3,1,2012
20120325,3/25/2012,Sunday,13,March,Mar,3,1,2012
20120326,3/26/2012,Monday,13,March,Mar,3,1,2012
20120327,3/27/2012,Tuesday,13,March,Mar,3,1,2012
20120328,3/28/2012,Wednesday,13,March,Mar,3,1,2012
20120329,3/29/2012,Thursday,13,March,Mar,3,1,2012
20120330,3/30/2012,Friday,13,March,Mar,3,1,2012
20120331,3/31/2012,Saturday,13,March,Mar,3,1,2012
20120401,4/1/2012,Sunday,14,April,Apr,4,2,2012
20120402,4/2/2012,Monday,14,April,Apr,4,2,2012
20120403,4/3/2012,Tuesday,14,April,Apr,4,2,2012
20120404,4/4/2012,Wednesday,14,April,Apr,4,2,2012
20120405,4/5/2012,Thursday,14,April,Apr,4,2,2012
20120406,4/6/2012,Friday,14,April,Apr,4,2,2012
20120407,4/7/2012,Saturday,14,April,Apr,4,2,2012
20120408,4/8/2012,Sunday,15,April,Apr,4,2,2012
20120409,4/9/2012,Monday,15,April,Apr,4,2,2012
20120410,4/10/2012,Tuesday,15,April,Apr,4,2,2012
20120411,4/11/2012,Wednesday,15,April,Apr,4,2,2012
20120412,4/12/2012,Thursday,15,April,Apr,4,2,2012
20120413,4/13/2012,Friday,15,April,Apr,4,2,2012
20120414,4/14/2012,Saturday,15,April,Apr,4,2,2012
20120415,4/15/2012,Sunday,16,April,Apr,4,2,2012
20120416,4/16/2012,Monday,16,April,Apr,4,2,2012
20120417,4/17/2012,Tuesday,16,April,Apr,4,2,2012
20120418,4/18/2012,Wednesday,16,April,Apr,4,2,2012
20120419,4/19/2012,Thursday,16,April,Apr,4,2,2012
20120420,4/20/2012,Friday,16,April,Apr,4,2,2012
20120421,4/21/2012,Saturday,16,April,Apr,4,2,2012
20120422,4/22/2012,Sunday,17,April,Apr,4,2,2012
20120423,4/23/2012,Monday,17,April,Apr,4,2,2012
20120424,4/24/2012,Tuesday,17,April,Apr,4,2,2012
20120425,4/25/2012,Wednesday,17,April,Apr,4,2,2012
20120426,4/26/2012,Thursday,17,April,Apr,4,2,2012
20120427,4/27/2012,Friday,17,April,Apr,4,2,2012
20120428,4/28/2012,Saturday,17,April,Apr,4,2,2012
20120429,4/29/2012,Sunday,18,April,Apr,4,2,2012
20120430,4/30/2012,Monday,18,April,Apr,4,2,2012
20120501,5/1/2012,Tuesday,18,May,May,5,2,2012
20120502,5/2/2012,Wednesday,18,May,May,5,2,2012
20120503,5/3/2012,Thursday,18,May,May,5,2,2012
20120504,5/4/2012,Friday,18,May,May,5,2,2012
20120505,5/5/2012,Saturday,18,May,May,5,2,2012
20120506,5/6/2012,Sunday,19,May,May,5,2,2012
20120507,5/7/2012,Monday,19,May,May,5,2,2012
20120508,5/8/2012,Tuesday,19,May,May,5,2,2012
20120509,5/9/2012,Wednesday,19,May,May,5,2,2012
20120510,5/10/2012,Thursday,19,May,May,5,2,2012
20120511,5/11/2012,Friday,19,May,May,5,2,2012
20120512,5/12/2012,Saturday,19,May,May,5,2,2012
20120513,5/13/2012,Sunday,20,May,May,5,2,2012
20120514,5/14/2012,Monday,20,May,May,5,2,2012
20120515,5/15/2012,Tuesday,20,May,May,5,2,2012
20120516,5/16/2012,Wednesday,20,May,May,5,2,2012
20120517,5/17/2012,Thursday,20,May,May,5,2,2012
20120518,5/18/2012,Friday,20,May,May,5,2,2012
20120519,5/19/2012,Saturday,20,May,May,5,2,2012
20120520,5/20/2012,Sunday,21,May,May,5,2,2012
20120521,5/21/2012,Monday,21,May,May,5,2,2012
20120522,5/22/2012,Tuesday,21,May,May,5,2,2012
20120523,5/23/2012,Wednesday,21,May,May,5,2,2012
20120524,5/24/2012,Thursday,21,May,May,5,2,2012
20120525,5/25/2012,Friday,21,May,May,5,2,2012
20120526,5/26/2012,Saturday,21,May,May,5,2,2012
20120527,5/27/2012,Sunday,22,May,May,5,2,2012
20120528,5/28/2012,Monday,22,May,May,5,2,2012
20120529,5/29/2012,Tuesday,22,May,May,5,2,2012
20120530,5/30/2012,Wednesday,22,May,May,5,2,2012
20120531,5/31/2012,Thursday,22,May,May,5,2,2012
20120601,6/1/2012,Friday,22,June,Jun,6,2,2012
20120602,6/2/2012,Saturday,22,June,Jun,6,2,2012
20120603,6/3/2012,Sunday,23,June,Jun,6,2,2012
20120604,6/4/2012,Monday,23,June,Jun,6,2,2012
20120605,6/5/2012,Tuesday,23,June,Jun,6,2,2012
20120606,6/6/2012,Wednesday,23,June,Jun,6,2,2012
20120607,6/7/2012,Thursday,23,June,Jun,6,2,2012
20120608,6/8/2012,Friday,23,June,Jun,6,2,2012
20120609,6/9/2012,Saturday,23,June,Jun,6,2,2012
20120610,6/10/2012,Sunday,24,June,Jun,6,2,2012
20120611,6/11/2012,Monday,24,June,Jun,6,2,2012
20120612,6/12/2012,Tuesday,24,June,Jun,6,2,2012
20120613,6/13/2012,Wednesday,24,June,Jun,6,2,2012
20120614,6/14/2012,Thursday,24,June,Jun,6,2,2012
20120615,6/15/2012,Friday,24,June,Jun,6,2,2012
20120616,6/16/2012,Saturday,24,June,Jun,6,2,2012
20120617,6/17/2012,Sunday,25,June,Jun,6,2,2012
20120618,6/18/2012,Monday,25,June,Jun,6,2,2012
20120619,6/19/2012,Tuesday,25,June,Jun,6,2,2012
20120620,6/20/2012,Wednesday,25,June,Jun,6,2,2012
20120621,6/21/2012,Thursday,25,June,Jun,6,2,2012
20120622,6/22/2012,Friday,25,June,Jun,6,2,2012
20120623,6/23/2012,Saturday,25,June,Jun,6,2,2012
20120624,6/24/2012,Sunday,26,June,Jun,6,2,2012
20120625,6/25/2012,Monday,26,June,Jun,6,2,2012
20120626,6/26/2012,Tuesday,26,June,Jun,6,2,2012
20120627,6/27/2012,Wednesday,26,June,Jun,6,2,2012
20120628,6/28/2012,Thursday,26,June,Jun,6,2,2012
20120629,6/29/2012,Friday,26,June,Jun,6,2,2012
20120630,6/30/2012,Saturday,26,June,Jun,6,2,2012
20120701,7/1/2012,Sunday,27,July,Jul,7,3,2012
20120702,7/2/2012,Monday,27,July,Jul,7,3,2012
20120703,7/3/2012,Tuesday,27,July,Jul,7,3,2012
20120704,7/4/2012,Wednesday,27,July,Jul,7,3,2012
20120705,7/5/2012,Thursday,27,July,Jul,7,3,2012
20120706,7/6/2012,Friday,27,July,Jul,7,3,2012
20120707,7/7/2012,Saturday,27,July,Jul,7,3,2012
20120708,7/8/2012,Sunday,28,July,Jul,7,3,2012
20120709,7/9/2012,Monday,28,July,Jul,7,3,2012
20120710,7/10/2012,Tuesday,28,July,Jul,7,3,2012
20120711,7/11/2012,Wednesday,28,July,Jul,7,3,2012
20120712,7/12/2012,Thursday,28,July,Jul,7,3,2012
20120713,7/13/2012,Friday,28,July,Jul,7,3,2012
20120714,7/14/2012,Saturday,28,July,Jul,7,3,2012
20120715,7/15/2012,Sunday,29,July,Jul,7,3,2012
20120716,7/16/2012,Monday,29,July,Jul,7,3,2012
20120717,7/17/2012,Tuesday,29,July,Jul,7,3,2012
20120718,7/18/2012,Wednesday,29,July,Jul,7,3,2012
20120719,7/19/2012,Thursday,29,July,Jul,7,3,2012
20120720,7/20/2012,Friday,29,July,Jul,7,3,2012
20120721,7/21/2012,Saturday,29,July,Jul,7,3,2012
20120722,7/22/2012,Sunday,30,July,Jul,7,3,2012
20120723,7/23/2012,Monday,30,July,Jul,7,3,2012
20120724,7/24/2012,Tuesday,30,July,Jul,7,3,2012
20120725,7/25/2012,Wednesday,30,July,Jul,7,3,2012
20120726,7/26/2012,Thursday,30,July,Jul,7,3,2012
20120727,7/27/2012,Friday,30,July,Jul,7,3,2012
20120728,7/28/2012,Saturday,30,July,Jul,7,3,2012
20120729,7/29/2012,Sunday,31,July,Jul,7,3,2012
20120730,7/30/2012,Monday,31,July,Jul,7,3,2012
20120731,7/31/2012,Tuesday,31,July,Jul,7,3,2012
20120801,8/1/2012,Wednesday,31,August,Aug,8,3,2012
20120802,8/2/2012,Thursday,31,August,Aug,8,3,2012
20120803,8/3/2012,Friday,31,August,Aug,8,3,2012
20120804,8/4/2012,Saturday,31,August,Aug,8,3,2012
20120805,8/5/2012,Sunday,32,August,Aug,8,3,2012
20120806,8/6/2012,Monday,32,August,Aug,8,3,2012
20120807,8/7/2012,Tuesday,32,August,Aug,8,3,2012
20120808,8/8/2012,Wednesday,32,August,Aug,8,3,2012
20120809,8/9/2012,Thursday,32,August,Aug,8,3,2012
20120810,8/10/2012,Friday,32,August,Aug,8,3,2012
20120811,8/11/2012,Saturday,32,August,Aug,8,3,2012
20120812,8/12/2012,Sunday,33,August,Aug,8,3,2012
20120813,8/13/2012,Monday,33,August,Aug,8,3,2012
20120814,8/14/2012,Tuesday,33,August,Aug,8,3,2012
20120815,8/15/2012,Wednesday,33,August,Aug,8,3,2012
20120816,8/16/2012,Thursday,33,August,Aug,8,3,2012
20120817,8/17/2012,Friday,33,August,Aug,8,3,2012
20120818,8/18/2012,Saturday,33,August,Aug,8,3,2012
20120819,8/19/2012,Sunday,34,August,Aug,8,3,2012
20120820,8/20/2012,Monday,34,August,Aug,8,3,2012
20120821,8/21/2012,Tuesday,34,August,Aug,8,3,2012
20120822,8/22/2012,Wednesday,34,August,Aug,8,3,2012
20120823,8/23/2012,Thursday,34,August,Aug,8,3,2012
20120824,8/24/2012,Friday,34,August,Aug,8,3,2012
20120825,8/25/2012,Saturday,34,August,Aug,8,3,2012
20120826,8/26/2012,Sunday,35,August,Aug,8,3,2012
20120827,8/27/2012,Monday,35,August,Aug,8,3,2012
20120828,8/28/2012,Tuesday,35,August,Aug,8,3,2012
20120829,8/29/2012,Wednesday,35,August,Aug,8,3,2012
20120830,8/30/2012,Thursday,35,August,Aug,8,3,2012
20120831,8/31/2012,Friday,35,August,Aug,8,3,2012
20120901,9/1/2012,Saturday,35,September,Sep,9,3,2012
20120902,9/2/2012,Sunday,36,September,Sep,9,3,2012
20120903,9/3/2012,Monday,36,September,Sep,9,3,2012
20120904,9/4/2012,Tuesday,36,September,Sep,9,3,2012
20120905,9/5/2012,Wednesday,36,September,Sep,9,3,2012
20120906,9/6/2012,Thursday,36,September,Sep,9,3,2012
20120907,9/7/2012,Friday,36,September,Sep,9,3,2012
20120908,9/8/2012,Saturday,36,September,Sep,9,3,2012
20120909,9/9/2012,Sunday,37,September,Sep,9,3,2012
20120910,9/10/2012,Monday,37,September,Sep,9,3,2012
20120911,9/11/2012,Tuesday,37,September,Sep,9,3,2012
20120912,9/12/2012,Wednesday,37,September,Sep,9,3,2012
20120913,9/13/2012,Thursday,37,September,Sep,9,3,2012
20120914,9/14/2012,Friday,37,September,Sep,9,3,2012
20120915,9/15/2012,Saturday,37,September,Sep,9,3,2012
20120916,9/16/2012,Sunday,38,September,Sep,9,3,2012
20120917,9/17/2012,Monday,38,September,Sep,9,3,2012
20120918,9/18/2012,Tuesday,38,September,Sep,9,3,2012
20120919,9/19/2012,Wednesday,38,September,Sep,9,3,2012
20120920,9/20/2012,Thursday,38,September,Sep,9,3,2012
20120921,9/21/2012,Friday,38,September,Sep,9,3,2012
20120922,9/22/2012,Saturday,38,September,Sep,9,3,2012
20120923,9/23/2012,Sunday,39,September,Sep,9,3,2012
20120924,9/24/2012,Monday,39,September,Sep,9,3,2012
20120925,9/25/2012,Tuesday,39,September,Sep,9,3,2012
20120926,9/26/2012,Wednesday,39,September,Sep,9,3,2012
20120927,9/27/2012,Thursday,39,September,Sep,9,3,2012
20120928,9/28/2012,Friday,39,September,Sep,9,3,2012
20120929,9/29/2012,Saturday,39,September,Sep,9,3,2012
20120930,9/30/2012,Sunday,40,September,Sep,9,3,2012
20121001,10/1/2012,Monday,40,October,Oct,10,4,2012
20121002,10/2/2012,Tuesday,40,October,Oct,10,4,2012
20121003,10/3/2012,Wednesday,40,October,Oct,10,4,2012
20121004,10/4/2012,Thursday,40,October,Oct,10,4,2012
20121005,10/5/2012,Friday,40,October,Oct,10,4,2012
20121006,10/6/2012,Saturday,40,October,Oct,10,4,2012
20121007,10/7/2012,Sunday,41,October,Oct,10,4,2012
20121008,10/8/2012,Monday,41,October,Oct,10,4,2012
20121009,10/9/2012,Tuesday,41,October,Oct,10,4,2012
20121010,10/10/2012,Wednesday,41,October,Oct,10,4,2012
20121011,10/11/2012,Thursday,41,October,Oct,10,4,2012
20121012,10/12/2012,Friday,41,October,Oct,10,4,2012
20121013,10/13/2012,Saturday,41,October,Oct,10,4,2012
20121014,10/14/2012,Sunday,42,October,Oct,10,4,2012
20121015,10/15/2012,Monday,42,October,Oct,10,4,2012
20121016,10/16/2012,Tuesday,42,October,Oct,10,4,2012
20121017,10/17/2012,Wednesday,42,October,Oct,10,4,2012
20121018,10/18/2012,Thursday,42,October,Oct,10,4,2012
20121019,10/19/2012,Friday,42,October,Oct,10,4,2012
20121020,10/20/2012,Saturday,42,October,Oct,10,4,2012
20121021,10/21/2012,Sunday,43,October,Oct,10,4,2012
20121022,10/22/2012,Monday,43,October,Oct,10,4,2012
20121023,10/23/2012,Tuesday,43,October,Oct,10,4,2012
20121024,10/24/2012,Wednesday,43,October,Oct,10,4,2012
20121025,10/25/2012,Thursday,43,October,Oct,10,4,2012
20121026,10/26/2012,Friday,43,October,Oct,10,4,2012
20121027,10/27/2012,Saturday,43,October,Oct,10,4,2012
20121028,10/28/2012,Sunday,44,October,Oct,10,4,2012
20121029,10/29/2012,Monday,44,October,Oct,10,4,2012
20121030,10/30/2012,Tuesday,44,October,Oct,10,4,2012
20121031,10/31/2012,Wednesday,44,October,Oct,10,4,2012
20121101,11/1/2012,Thursday,44,November,Nov,11,4,2012
20121102,11/2/2012,Friday,44,November,Nov,11,4,2012
20121103,11/3/2012,Saturday,44,November,Nov,11,4,2012
20121104,11/4/2012,Sunday,45,November,Nov,11,4,2012
20121105,11/5/2012,Monday,45,November,Nov,11,4,2012
20121106,11/6/2012,Tuesday,45,November,Nov,11,4,2012
20121107,11/7/2012,Wednesday,45,November,Nov,11,4,2012
20121108,11/8/2012,Thursday,45,November,Nov,11,4,2012
20121109,11/9/2012,Friday,45,November,Nov,11,4,2012
20121110,11/10/2012,Saturday,45,November,Nov,11,4,2012
20121111,11/11/2012,Sunday,46,November,Nov,11,4,2012
20121112,11/12/2012,Monday,46,November,Nov,11,4,2012
20121113,11/13/2012,Tuesday,46,November,Nov,11,4,2012
20121114,11/14/2012,Wednesday,46,November,Nov,11,4,2012
20121115,11/15/2012,Thursday,46,November,Nov,11,4,2012
20121116,11/16/2012,Friday,46,November,Nov,11,4,2012
20121117,11/17/2012,Saturday,46,November,Nov,11,4,2012
20121118,11/18/2012,Sunday,47,November,Nov,11,4,2012
20121119,11/19/2012,Monday,47,November,Nov,11,4,2012
20121120,11/20/2012,Tuesday,47,November,Nov,11,4,2012
20121121,11/21/2012,Wednesday,47,November,Nov,11,4,2012
20121122,11/22/2012,Thursday,47,November,Nov,11,4,2012
20121123,11/23/2012,Friday,47,November,Nov,11,4,2012
20121124,11/24/2012,Saturday,47,November,Nov,11,4,2012
20121125,11/25/2012,Sunday,48,November,Nov,11,4,2012
20121126,11/26/2012,Monday,48,November,Nov,11,4,2012
20121127,11/27/2012,Tuesday,48,November,Nov,11,4,2012
20121128,11/28/2012,Wednesday,48,November,Nov,11,4,2012
20121129,11/29/2012,Thursday,48,November,Nov,11,4,2012
20121130,11/30/2012,Friday,48,November,Nov,11,4,2012
20121201,12/1/2012,Saturday,48,December,Dec,12,4,2012
20121202,12/2/2012,Sunday,49,December,Dec,12,4,2012
20121203,12/3/2012,Monday,49,December,Dec,12,4,2012
20121204,12/4/2012,Tuesday,49,December,Dec,12,4,2012
20121205,12/5/2012,Wednesday,49,December,Dec,12,4,2012
20121206,12/6/2012,Thursday,49,December,Dec,12,4,2012
20121207,12/7/2012,Friday,49,December,Dec,12,4,2012
20121208,12/8/2012,Saturday,49,December,Dec,12,4,2012
20121209,12/9/2012,Sunday,50,December,Dec,12,4,2012
20121210,12/10/2012,Monday,50,December,Dec,12,4,2012
20121211,12/11/2012,Tuesday,50,December,Dec,12,4,2012
20121212,12/12/2012,Wednesday,50,December,Dec,12,4,2012
20121213,12/13/2012,Thursday,50,December,Dec,12,4,2012
20121214,12/14/2012,Friday,50,December,Dec,12,4,2012
20121215,12/15/2012,Saturday,50,December,Dec,12,4,2012
20121216,12/16/2012,Sunday,51,December,Dec,12,4,2012
20121217,12/17/2012,Monday,51,December,Dec,12,4,2012
20121218,12/18/2012,Tuesday,51,December,Dec,12,4,2012
20121219,12/19/2012,Wednesday,51,December,Dec,12,4,2012
20121220,12/20/2012,Thursday,51,December,Dec,12,4,2012
20121221,12/21/2012,Friday,51,December,Dec,12,4,2012
20121222,12/22/2012,Saturday,51,December,Dec,12,4,2012
20121223,12/23/2012,Sunday,52,December,Dec,12,4,2012
20121224,12/24/2012,Monday,52,December,Dec,12,4,2012
20121225,12/25/2012,Tuesday,52,December,Dec,12,4,2012
20121226,12/26/2012,Wednesday,52,December,Dec,12,4,2012
20121227,12/27/2012,Thursday,52,December,Dec,12,4,2012
20121228,12/28/2012,Friday,52,December,Dec,12,4,2012
20121229,12/29/2012,Saturday,52,December,Dec,12,4,2012
20121230,12/30/2012,Sunday,53,December,Dec,12,4,2012
20121231,12/31/2012,Monday,53,December,Dec,12,4,2012
20130101,1/1/2013,Tuesday,1,January,Jan,1,1,2013
20130102,1/2/2013,Wednesday,1,January,Jan,1,1,2013
20130103,1/3/2013,Thursday,1,January,Jan,1,1,2013
20130104,1/4/2013,Friday,1,January,Jan,1,1,2013
20130105,1/5/2013,Saturday,1,January,Jan,1,1,2013
20130106,1/6/2013,Sunday,2,January,Jan,1,1,2013
20130107,1/7/2013,Monday,2,January,Jan,1,1,2013
20130108,1/8/2013,Tuesday,2,January,Jan,1,1,2013
20130109,1/9/2013,Wednesday,2,January,Jan,1,1,2013
20130110,1/10/2013,Thursday,2,January,Jan,1,1,2013
20130111,1/11/2013,Friday,2,January,Jan,1,1,2013
20130112,1/12/2013,Saturday,2,January,Jan,1,1,2013
20130113,1/13/2013,Sunday,3,January,Jan,1,1,2013
20130114,1/14/2013,Monday,3,January,Jan,1,1,2013
20130115,1/15/2013,Tuesday,3,January,Jan,1,1,2013
20130116,1/16/2013,Wednesday,3,January,Jan,1,1,2013
20130117,1/17/2013,Thursday,3,January,Jan,1,1,2013
20130118,1/18/2013,Friday,3,January,Jan,1,1,2013
20130119,1/19/2013,Saturday,3,January,Jan,1,1,2013
20130120,1/20/2013,Sunday,4,January,Jan,1,1,2013
20130121,1/21/2013,Monday,4,January,Jan,1,1,2013
20130122,1/22/2013,Tuesday,4,January,Jan,1,1,2013
20130123,1/23/2013,Wednesday,4,January,Jan,1,1,2013
20130124,1/24/2013,Thursday,4,January,Jan,1,1,2013
20130125,1/25/2013,Friday,4,January,Jan,1,1,2013
20130126,1/26/2013,Saturday,4,January,Jan,1,1,2013
20130127,1/27/2013,Sunday,5,January,Jan,1,1,2013
20130128,1/28/2013,Monday,5,January,Jan,1,1,2013
20130129,1/29/2013,Tuesday,5,January,Jan,1,1,2013
20130130,1/30/2013,Wednesday,5,January,Jan,1,1,2013
20130131,1/31/2013,Thursday,5,January,Jan,1,1,2013
20130201,2/1/2013,Friday,5,February,Feb,2,1,2013
20130202,2/2/2013,Saturday,5,February,Feb,2,1,2013
20130203,2/3/2013,Sunday,6,February,Feb,2,1,2013
20130204,2/4/2013,Monday,6,February,Feb,2,1,2013
20130205,2/5/2013,Tuesday,6,February,Feb,2,1,2013
20130206,2/6/2013,Wednesday,6,February,Feb,2,1,2013
20130207,2/7/2013,Thursday,6,February,Feb,2,1,2013
20130208,2/8/2013,Friday,6,February,Feb,2,1,2013
20130209,2/9/2013,Saturday,6,February,Feb,2,1,2013
20130210,2/10/2013,Sunday,7,February,Feb,2,1,2013
20130211,2/11/2013,Monday,7,February,Feb,2,1,2013
20130212,2/12/2013,Tuesday,7,February,Feb,2,1,2013
20130213,2/13/2013,Wednesday,7,February,Feb,2,1,2013
20130214,2/14/2013,Thursday,7,February,Feb,2,1,2013
20130215,2/15/2013,Friday,7,February,Feb,2,1,2013
20130216,2/16/2013,Saturday,7,February,Feb,2,1,2013
20130217,2/17/2013,Sunday,8,February,Feb,2,1,2013
20130218,2/18/2013,Monday,8,February,Feb,2,1,2013
20130219,2/19/2013,Tuesday,8,February,Feb,2,1,2013
20130220,2/20/2013,Wednesday,8,February,Feb,2,1,2013
20130221,2/21/2013,Thursday,8,February,Feb,2,1,2013
20130222,2/22/2013,Friday,8,February,Feb,2,1,2013
20130223,2/23/2013,Saturday,8,February,Feb,2,1,2013
20130224,2/24/2013,Sunday,9,February,Feb,2,1,2013
20130225,2/25/2013,Monday,9,February,Feb,2,1,2013
20130226,2/26/2013,Tuesday,9,February,Feb,2,1,2013
20130227,2/27/2013,Wednesday,9,February,Feb,2,1,2013
20130228,2/28/2013,Thursday,9,February,Feb,2,1,2013
20130301,3/1/2013,Friday,9,March,Mar,3,1,2013
20130302,3/2/2013,Saturday,9,March,Mar,3,1,2013
20130303,3/3/2013,Sunday,10,March,Mar,3,1,2013
20130304,3/4/2013,Monday,10,March,Mar,3,1,2013
20130305,3/5/2013,Tuesday,10,March,Mar,3,1,2013
20130306,3/6/2013,Wednesday,10,March,Mar,3,1,2013
20130307,3/7/2013,Thursday,10,March,Mar,3,1,2013
20130308,3/8/2013,Friday,10,March,Mar,3,1,2013
20130309,3/9/2013,Saturday,10,March,Mar,3,1,2013
20130310,3/10/2013,Sunday,11,March,Mar,3,1,2013
20130311,3/11/2013,Monday,11,March,Mar,3,1,2013
20130312,3/12/2013,Tuesday,11,March,Mar,3,1,2013
20130313,3/13/2013,Wednesday,11,March,Mar,3,1,2013
20130314,3/14/2013,Thursday,11,March,Mar,3,1,2013
20130315,3/15/2013,Friday,11,March,Mar,3,1,2013
20130316,3/16/2013,Saturday,11,March,Mar,3,1,2013
20130317,3/17/2013,Sunday,12,March,Mar,3,1,2013
20130318,3/18/2013,Monday,12,March,Mar,3,1,2013
20130319,3/19/2013,Tuesday,12,March,Mar,3,1,2013
20130320,3/20/2013,Wednesday,12,March,Mar,3,1,2013
20130321,3/21/2013,Thursday,12,March,Mar,3,1,2013
20130322,3/22/2013,Friday,12,March,Mar,3,1,2013
20130323,3/23/2013,Saturday,12,March,Mar,3,1,2013
20130324,3/24/2013,Sunday,13,March,Mar,3,1,2013
20130325,3/25/2013,Monday,13,March,Mar,3,1,2013
20130326,3/26/2013,Tuesday,13,March,Mar,3,1,2013
20130327,3/27/2013,Wednesday,13,March,Mar,3,1,2013
20130328,3/28/2013,Thursday,13,March,Mar,3,1,2013
20130329,3/29/2013,Friday,13,March,Mar,3,1,2013
20130330,3/30/2013,Saturday,13,March,Mar,3,1,2013
20130331,3/31/2013,Sunday,14,March,Mar,3,1,2013
20130401,4/1/2013,Monday,14,April,Apr,4,2,2013
20130402,4/2/2013,Tuesday,14,April,Apr,4,2,2013
20130403,4/3/2013,Wednesday,14,April,Apr,4,2,2013
20130404,4/4/2013,Thursday,14,April,Apr,4,2,2013
20130405,4/5/2013,Friday,14,April,Apr,4,2,2013
20130406,4/6/2013,Saturday,14,April,Apr,4,2,2013
20130407,4/7/2013,Sunday,15,April,Apr,4,2,2013
20130408,4/8/2013,Monday,15,April,Apr,4,2,2013
20130409,4/9/2013,Tuesday,15,April,Apr,4,2,2013
20130410,4/10/2013,Wednesday,15,April,Apr,4,2,2013
20130411,4/11/2013,Thursday,15,April,Apr,4,2,2013
20130412,4/12/2013,Friday,15,April,Apr,4,2,2013
20130413,4/13/2013,Saturday,15,April,Apr,4,2,2013
20130414,4/14/2013,Sunday,16,April,Apr,4,2,2013
20130415,4/15/2013,Monday,16,April,Apr,4,2,2013
20130416,4/16/2013,Tuesday,16,April,Apr,4,2,2013
20130417,4/17/2013,Wednesday,16,April,Apr,4,2,2013
20130418,4/18/2013,Thursday,16,April,Apr,4,2,2013
20130419,4/19/2013,Friday,16,April,Apr,4,2,2013
20130420,4/20/2013,Saturday,16,April,Apr,4,2,2013
20130421,4/21/2013,Sunday,17,April,Apr,4,2,2013
20130422,4/22/2013,Monday,17,April,Apr,4,2,2013
20130423,4/23/2013,Tuesday,17,April,Apr,4,2,2013
20130424,4/24/2013,Wednesday,17,April,Apr,4,2,2013
20130425,4/25/2013,Thursday,17,April,Apr,4,2,2013
20130426,4/26/2013,Friday,17,April,Apr,4,2,2013
20130427,4/27/2013,Saturday,17,April,Apr,4,2,2013
20130428,4/28/2013,Sunday,18,April,Apr,4,2,2013
20130429,4/29/2013,Monday,18,April,Apr,4,2,2013
20130430,4/30/2013,Tuesday,18,April,Apr,4,2,2013
20130501,5/1/2013,Wednesday,18,May,May,5,2,2013
20130502,5/2/2013,Thursday,18,May,May,5,2,2013
20130503,5/3/2013,Friday,18,May,May,5,2,2013
20130504,5/4/2013,Saturday,18,May,May,5,2,2013
20130505,5/5/2013,Sunday,19,May,May,5,2,2013
20130506,5/6/2013,Monday,19,May,May,5,2,2013
20130507,5/7/2013,Tuesday,19,May,May,5,2,2013
20130508,5/8/2013,Wednesday,19,May,May,5,2,2013
20130509,5/9/2013,Thursday,19,May,May,5,2,2013
20130510,5/10/2013,Friday,19,May,May,5,2,2013
20130511,5/11/2013,Saturday,19,May,May,5,2,2013
20130512,5/12/2013,Sunday,20,May,May,5,2,2013
20130513,5/13/2013,Monday,20,May,May,5,2,2013
20130514,5/14/2013,Tuesday,20,May,May,5,2,2013
20130515,5/15/2013,Wednesday,20,May,May,5,2,2013
20130516,5/16/2013,Thursday,20,May,May,5,2,2013
20130517,5/17/2013,Friday,20,May,May,5,2,2013
20130518,5/18/2013,Saturday,20,May,May,5,2,2013
20130519,5/19/2013,Sunday,21,May,May,5,2,2013
20130520,5/20/2013,Monday,21,May,May,5,2,2013
20130521,5/21/2013,Tuesday,21,May,May,5,2,2013
20130522,5/22/2013,Wednesday,21,May,May,5,2,2013
20130523,5/23/2013,Thursday,21,May,May,5,2,2013
20130524,5/24/2013,Friday,21,May,May,5,2,2013
20130525,5/25/2013,Saturday,21,May,May,5,2,2013
20130526,5/26/2013,Sunday,22,May,May,5,2,2013
20130527,5/27/2013,Monday,22,May,May,5,2,2013
20130528,5/28/2013,Tuesday,22,May,May,5,2,2013
20130529,5/29/2013,Wednesday,22,May,May,5,2,2013
20130530,5/30/2013,Thursday,22,May,May,5,2,2013
20130531,5/31/2013,Friday,22,May,May,5,2,2013
20130601,6/1/2013,Saturday,22,June,Jun,6,2,2013
20130602,6/2/2013,Sunday,23,June,Jun,6,2,2013
20130603,6/3/2013,Monday,23,June,Jun,6,2,2013
20130604,6/4/2013,Tuesday,23,June,Jun,6,2,2013
20130605,6/5/2013,Wednesday,23,June,Jun,6,2,2013
20130606,6/6/2013,Thursday,23,June,Jun,6,2,2013
20130607,6/7/2013,Friday,23,June,Jun,6,2,2013
20130608,6/8/2013,Saturday,23,June,Jun,6,2,2013
20130609,6/9/2013,Sunday,24,June,Jun,6,2,2013
20130610,6/10/2013,Monday,24,June,Jun,6,2,2013
20130611,6/11/2013,Tuesday,24,June,Jun,6,2,2013
20130612,6/12/2013,Wednesday,24,June,Jun,6,2,2013
20130613,6/13/2013,Thursday,24,June,Jun,6,2,2013
20130614,6/14/2013,Friday,24,June,Jun,6,2,2013
20130615,6/15/2013,Saturday,24,June,Jun,6,2,2013
20130616,6/16/2013,Sunday,25,June,Jun,6,2,2013
20130617,6/17/2013,Monday,25,June,Jun,6,2,2013
20130618,6/18/2013,Tuesday,25,June,Jun,6,2,2013
20130619,6/19/2013,Wednesday,25,June,Jun,6,2,2013
20130620,6/20/2013,Thursday,25,June,Jun,6,2,2013
20130621,6/21/2013,Friday,25,June,Jun,6,2,2013
20130622,6/22/2013,Saturday,25,June,Jun,6,2,2013
20130623,6/23/2013,Sunday,26,June,Jun,6,2,2013
20130624,6/24/2013,Monday,26,June,Jun,6,2,2013
20130625,6/25/2013,Tuesday,26,June,Jun,6,2,2013
20130626,6/26/2013,Wednesday,26,June,Jun,6,2,2013
20130627,6/27/2013,Thursday,26,June,Jun,6,2,2013
20130628,6/28/2013,Friday,26,June,Jun,6,2,2013
20130629,6/29/2013,Saturday,26,June,Jun,6,2,2013
20130630,6/30/2013,Sunday,27,June,Jun,6,2,2013
20130701,7/1/2013,Monday,27,July,Jul,7,3,2013
20130702,7/2/2013,Tuesday,27,July,Jul,7,3,2013
20130703,7/3/2013,Wednesday,27,July,Jul,7,3,2013
20130704,7/4/2013,Thursday,27,July,Jul,7,3,2013
20130705,7/5/2013,Friday,27,July,Jul,7,3,2013
20130706,7/6/2013,Saturday,27,July,Jul,7,3,2013
20130707,7/7/2013,Sunday,28,July,Jul,7,3,2013
20130708,7/8/2013,Monday,28,July,Jul,7,3,2013
20130709,7/9/2013,Tuesday,28,July,Jul,7,3,2013
20130710,7/10/2013,Wednesday,28,July,Jul,7,3,2013
20130711,7/11/2013,Thursday,28,July,Jul,7,3,2013
20130712,7/12/2013,Friday,28,July,Jul,7,3,2013
20130713,7/13/2013,Saturday,28,July,Jul,7,3,2013
20130714,7/14/2013,Sunday,29,July,Jul,7,3,2013
20130715,7/15/2013,Monday,29,July,Jul,7,3,2013
20130716,7/16/2013,Tuesday,29,July,Jul,7,3,2013
20130717,7/17/2013,Wednesday,29,July,Jul,7,3,2013
20130718,7/18/2013,Thursday,29,July,Jul,7,3,2013
20130719,7/19/2013,Friday,29,July,Jul,7,3,2013
20130720,7/20/2013,Saturday,29,July,Jul,7,3,2013
20130721,7/21/2013,Sunday,30,July,Jul,7,3,2013
20130722,7/22/2013,Monday,30,July,Jul,7,3,2013
20130723,7/23/2013,Tuesday,30,July,Jul,7,3,2013
20130724,7/24/2013,Wednesday,30,July,Jul,7,3,2013
20130725,7/25/2013,Thursday,30,July,Jul,7,3,2013
20130726,7/26/2013,Friday,30,July,Jul,7,3,2013
20130727,7/27/2013,Saturday,30,July,Jul,7,3,2013
20130728,7/28/2013,Sunday,31,July,Jul,7,3,2013
20130729,7/29/2013,Monday,31,July,Jul,7,3,2013
20130730,7/30/2013,Tuesday,31,July,Jul,7,3,2013
20130731,7/31/2013,Wednesday,31,July,Jul,7,3,2013
20130801,8/1/2013,Thursday,31,August,Aug,8,3,2013
20130802,8/2/2013,Friday,31,August,Aug,8,3,2013
20130803,8/3/2013,Saturday,31,August,Aug,8,3,2013
20130804,8/4/2013,Sunday,32,August,Aug,8,3,2013
20130805,8/5/2013,Monday,32,August,Aug,8,3,2013
20130806,8/6/2013,Tuesday,32,August,Aug,8,3,2013
20130807,8/7/2013,Wednesday,32,August,Aug,8,3,2013
20130808,8/8/2013,Thursday,32,August,Aug,8,3,2013
20130809,8/9/2013,Friday,32,August,Aug,8,3,2013
20130810,8/10/2013,Saturday,32,August,Aug,8,3,2013
20130811,8/11/2013,Sunday,33,August,Aug,8,3,2013
20130812,8/12/2013,Monday,33,August,Aug,8,3,2013
20130813,8/13/2013,Tuesday,33,August,Aug,8,3,2013
20130814,8/14/2013,Wednesday,33,August,Aug,8,3,2013
20130815,8/15/2013,Thursday,33,August,Aug,8,3,2013
20130816,8/16/2013,Friday,33,August,Aug,8,3,2013
20130817,8/17/2013,Saturday,33,August,Aug,8,3,2013
20130818,8/18/2013,Sunday,34,August,Aug,8,3,2013
20130819,8/19/2013,Monday,34,August,Aug,8,3,2013
20130820,8/20/2013,Tuesday,34,August,Aug,8,3,2013
20130821,8/21/2013,Wednesday,34,August,Aug,8,3,2013
20130822,8/22/2013,Thursday,34,August,Aug,8,3,2013
20130823,8/23/2013,Friday,34,August,Aug,8,3,2013
20130824,8/24/2013,Saturday,34,August,Aug,8,3,2013
20130825,8/25/2013,Sunday,35,August,Aug,8,3,2013
20130826,8/26/2013,Monday,35,August,Aug,8,3,2013
20130827,8/27/2013,Tuesday,35,August,Aug,8,3,2013
20130828,8/28/2013,Wednesday,35,August,Aug,8,3,2013
20130829,8/29/2013,Thursday,35,August,Aug,8,3,2013
20130830,8/30/2013,Friday,35,August,Aug,8,3,2013
20130831,8/31/2013,Saturday,35,August,Aug,8,3,2013
20130901,9/1/2013,Sunday,36,September,Sep,9,3,2013
20130902,9/2/2013,Monday,36,September,Sep,9,3,2013
20130903,9/3/2013,Tuesday,36,September,Sep,9,3,2013
20130904,9/4/2013,Wednesday,36,September,Sep,9,3,2013
20130905,9/5/2013,Thursday,36,September,Sep,9,3,2013
20130906,9/6/2013,Friday,36,September,Sep,9,3,2013
20130907,9/7/2013,Saturday,36,September,Sep,9,3,2013
20130908,9/8/2013,Sunday,37,September,Sep,9,3,2013
20130909,9/9/2013,Monday,37,September,Sep,9,3,2013
20130910,9/10/2013,Tuesday,37,September,Sep,9,3,2013
20130911,9/11/2013,Wednesday,37,September,Sep,9,3,2013
20130912,9/12/2013,Thursday,37,September,Sep,9,3,2013
20130913,9/13/2013,Friday,37,September,Sep,9,3,2013
20130914,9/14/2013,Saturday,37,September,Sep,9,3,2013
20130915,9/15/2013,Sunday,38,September,Sep,9,3,2013
20130916,9/16/2013,Monday,38,September,Sep,9,3,2013
20130917,9/17/2013,Tuesday,38,September,Sep,9,3,2013
20130918,9/18/2013,Wednesday,38,September,Sep,9,3,2013
20130919,9/19/2013,Thursday,38,September,Sep,9,3,2013
20130920,9/20/2013,Friday,38,September,Sep,9,3,2013
20130921,9/21/2013,Saturday,38,September,Sep,9,3,2013
20130922,9/22/2013,Sunday,39,September,Sep,9,3,2013
20130923,9/23/2013,Monday,39,September,Sep,9,3,2013
20130924,9/24/2013,Tuesday,39,September,Sep,9,3,2013
20130925,9/25/2013,Wednesday,39,September,Sep,9,3,2013
20130926,9/26/2013,Thursday,39,September,Sep,9,3,2013
20130927,9/27/2013,Friday,39,September,Sep,9,3,2013
20130928,9/28/2013,Saturday,39,September,Sep,9,3,2013
20130929,9/29/2013,Sunday,40,September,Sep,9,3,2013
20130930,9/30/2013,Monday,40,September,Sep,9,3,2013
20131001,10/1/2013,Tuesday,40,October,Oct,10,4,2013
20131002,10/2/2013,Wednesday,40,October,Oct,10,4,2013
20131003,10/3/2013,Thursday,40,October,Oct,10,4,2013
20131004,10/4/2013,Friday,40,October,Oct,10,4,2013
20131005,10/5/2013,Saturday,40,October,Oct,10,4,2013
20131006,10/6/2013,Sunday,41,October,Oct,10,4,2013
20131007,10/7/2013,Monday,41,October,Oct,10,4,2013
20131008,10/8/2013,Tuesday,41,October,Oct,10,4,2013
20131009,10/9/2013,Wednesday,41,October,Oct,10,4,2013
20131010,10/10/2013,Thursday,41,October,Oct,10,4,2013
20131011,10/11/2013,Friday,41,October,Oct,10,4,2013
20131012,10/12/2013,Saturday,41,October,Oct,10,4,2013
20131013,10/13/2013,Sunday,42,October,Oct,10,4,2013
20131014,10/14/2013,Monday,42,October,Oct,10,4,2013
20131015,10/15/2013,Tuesday,42,October,Oct,10,4,2013
20131016,10/16/2013,Wednesday,42,October,Oct,10,4,2013
20131017,10/17/2013,Thursday,42,October,Oct,10,4,2013
20131018,10/18/2013,Friday,42,October,Oct,10,4,2013
20131019,10/19/2013,Saturday,42,October,Oct,10,4,2013
20131020,10/20/2013,Sunday,43,October,Oct,10,4,2013
20131021,10/21/2013,Monday,43,October,Oct,10,4,2013
20131022,10/22/2013,Tuesday,43,October,Oct,10,4,2013
20131023,10/23/2013,Wednesday,43,October,Oct,10,4,2013
20131024,10/24/2013,Thursday,43,October,Oct,10,4,2013
20131025,10/25/2013,Friday,43,October,Oct,10,4,2013
20131026,10/26/2013,Saturday,43,October,Oct,10,4,2013
20131027,10/27/2013,Sunday,44,October,Oct,10,4,2013
20131028,10/28/2013,Monday,44,October,Oct,10,4,2013
20131029,10/29/2013,Tuesday,44,October,Oct,10,4,2013
20131030,10/30/2013,Wednesday,44,October,Oct,10,4,2013
20131031,10/31/2013,Thursday,44,October,Oct,10,4,2013
20131101,11/1/2013,Friday,44,November,Nov,11,4,2013
20131102,11/2/2013,Saturday,44,November,Nov,11,4,2013
20131103,11/3/2013,Sunday,45,November,Nov,11,4,2013
20131104,11/4/2013,Monday,45,November,Nov,11,4,2013
20131105,11/5/2013,Tuesday,45,November,Nov,11,4,2013
20131106,11/6/2013,Wednesday,45,November,Nov,11,4,2013
20131107,11/7/2013,Thursday,45,November,Nov,11,4,2013
20131108,11/8/2013,Friday,45,November,Nov,11,4,2013
20131109,11/9/2013,Saturday,45,November,Nov,11,4,2013
20131110,11/10/2013,Sunday,46,November,Nov,11,4,2013
20131111,11/11/2013,Monday,46,November,Nov,11,4,2013
20131112,11/12/2013,Tuesday,46,November,Nov,11,4,2013
20131113,11/13/2013,Wednesday,46,November,Nov,11,4,2013
20131114,11/14/2013,Thursday,46,November,Nov,11,4,2013
20131115,11/15/2013,Friday,46,November,Nov,11,4,2013
20131116,11/16/2013,Saturday,46,November,Nov,11,4,2013
20131117,11/17/2013,Sunday,47,November,Nov,11,4,2013
20131118,11/18/2013,Monday,47,November,Nov,11,4,2013
20131119,11/19/2013,Tuesday,47,November,Nov,11,4,2013
20131120,11/20/2013,Wednesday,47,November,Nov,11,4,2013
20131121,11/21/2013,Thursday,47,November,Nov,11,4,2013
20131122,11/22/2013,Friday,47,November,Nov,11,4,2013
20131123,11/23/2013,Saturday,47,November,Nov,11,4,2013
20131124,11/24/2013,Sunday,48,November,Nov,11,4,2013
20131125,11/25/2013,Monday,48,November,Nov,11,4,2013
20131126,11/26/2013,Tuesday,48,November,Nov,11,4,2013
20131127,11/27/2013,Wednesday,48,November,Nov,11,4,2013
20131128,11/28/2013,Thursday,48,November,Nov,11,4,2013
20131129,11/29/2013,Friday,48,November,Nov,11,4,2013
20131130,11/30/2013,Saturday,48,November,Nov,11,4,2013
20131201,12/1/2013,Sunday,49,December,Dec,12,4,2013
20131202,12/2/2013,Monday,49,December,Dec,12,4,2013
20131203,12/3/2013,Tuesday,49,December,Dec,12,4,2013
20131204,12/4/2013,Wednesday,49,December,Dec,12,4,2013
20131205,12/5/2013,Thursday,49,December,Dec,12,4,2013
20131206,12/6/2013,Friday,49,December,Dec,12,4,2013
20131207,12/7/2013,Saturday,49,December,Dec,12,4,2013
20131208,12/8/2013,Sunday,50,December,Dec,12,4,2013
20131209,12/9/2013,Monday,50,December,Dec,12,4,2013
20131210,12/10/2013,Tuesday,50,December,Dec,12,4,2013
20131211,12/11/2013,Wednesday,50,December,Dec,12,4,2013
20131212,12/12/2013,Thursday,50,December,Dec,12,4,2013
20131213,12/13/2013,Friday,50,December,Dec,12,4,2013
20131214,12/14/2013,Saturday,50,December,Dec,12,4,2013
20131215,12/15/2013,Sunday,51,December,Dec,12,4,2013
20131216,12/16/2013,Monday,51,December,Dec,12,4,2013
20131217,12/17/2013,Tuesday,51,December,Dec,12,4,2013
20131218,12/18/2013,Wednesday,51,December,Dec,12,4,2013
20131219,12/19/2013,Thursday,51,December,Dec,12,4,2013
20131220,12/20/2013,Friday,51,December,Dec,12,4,2013
20131221,12/21/2013,Saturday,51,December,Dec,12,4,2013
20131222,12/22/2013,Sunday,52,December,Dec,12,4,2013
20131223,12/23/2013,Monday,52,December,Dec,12,4,2013
20131224,12/24/2013,Tuesday,52,December,Dec,12,4,2013
20131225,12/25/2013,Wednesday,52,December,Dec,12,4,2013
20131226,12/26/2013,Thursday,52,December,Dec,12,4,2013
20131227,12/27/2013,Friday,52,December,Dec,12,4,2013
20131228,12/28/2013,Saturday,52,December,Dec,12,4,2013
20131229,12/29/2013,Sunday,53,December,Dec,12,4,2013
20131230,12/30/2013,Monday,53,December,Dec,12,4,2013
20131231,12/31/2013,Tuesday,53,December,Dec,12,4,2013
20140101,1/1/2014,Wednesday,1,January,Jan,1,1,2014
20140102,1/2/2014,Thursday,1,January,Jan,1,1,2014
20140103,1/3/2014,Friday,1,January,Jan,1,1,2014
20140104,1/4/2014,Saturday,1,January,Jan,1,1,2014
20140105,1/5/2014,Sunday,2,January,Jan,1,1,2014
20140106,1/6/2014,Monday,2,January,Jan,1,1,2014
20140107,1/7/2014,Tuesday,2,January,Jan,1,1,2014
20140108,1/8/2014,Wednesday,2,January,Jan,1,1,2014
20140109,1/9/2014,Thursday,2,January,Jan,1,1,2014
20140110,1/10/2014,Friday,2,January,Jan,1,1,2014
20140111,1/11/2014,Saturday,2,January,Jan,1,1,2014
20140112,1/12/2014,Sunday,3,January,Jan,1,1,2014
20140113,1/13/2014,Monday,3,January,Jan,1,1,2014
20140114,1/14/2014,Tuesday,3,January,Jan,1,1,2014
20140115,1/15/2014,Wednesday,3,January,Jan,1,1,2014
20140116,1/16/2014,Thursday,3,January,Jan,1,1,2014
20140117,1/17/2014,Friday,3,January,Jan,1,1,2014
20140118,1/18/2014,Saturday,3,January,Jan,1,1,2014
20140119,1/19/2014,Sunday,4,January,Jan,1,1,2014
20140120,1/20/2014,Monday,4,January,Jan,1,1,2014
20140121,1/21/2014,Tuesday,4,January,Jan,1,1,2014
20140122,1/22/2014,Wednesday,4,January,Jan,1,1,2014
20140123,1/23/2014,Thursday,4,January,Jan,1,1,2014
20140124,1/24/2014,Friday,4,January,Jan,1,1,2014
20140125,1/25/2014,Saturday,4,January,Jan,1,1,2014
20140126,1/26/2014,Sunday,5,January,Jan,1,1,2014
20140127,1/27/2014,Monday,5,January,Jan,1,1,2014
20140128,1/28/2014,Tuesday,5,January,Jan,1,1,2014
20140129,1/29/2014,Wednesday,5,January,Jan,1,1,2014
20140130,1/30/2014,Thursday,5,January,Jan,1,1,2014
20140131,1/31/2014,Friday,5,January,Jan,1,1,2014
20140201,2/1/2014,Saturday,5,February,Feb,2,1,2014
20140202,2/2/2014,Sunday,6,February,Feb,2,1,2014
20140203,2/3/2014,Monday,6,February,Feb,2,1,2014
20140204,2/4/2014,Tuesday,6,February,Feb,2,1,2014
20140205,2/5/2014,Wednesday,6,February,Feb,2,1,2014
20140206,2/6/2014,Thursday,6,February,Feb,2,1,2014
20140207,2/7/2014,Friday,6,February,Feb,2,1,2014
20140208,2/8/2014,Saturday,6,February,Feb,2,1,2014
20140209,2/9/2014,Sunday,7,February,Feb,2,1,2014
20140210,2/10/2014,Monday,7,February,Feb,2,1,2014
20140211,2/11/2014,Tuesday,7,February,Feb,2,1,2014
20140212,2/12/2014,Wednesday,7,February,Feb,2,1,2014
20140213,2/13/2014,Thursday,7,February,Feb,2,1,2014
20140214,2/14/2014,Friday,7,February,Feb,2,1,2014
20140215,2/15/2014,Saturday,7,February,Feb,2,1,2014
20140216,2/16/2014,Sunday,8,February,Feb,2,1,2014
20140217,2/17/2014,Monday,8,February,Feb,2,1,2014
20140218,2/18/2014,Tuesday,8,February,Feb,2,1,2014
20140219,2/19/2014,Wednesday,8,February,Feb,2,1,2014
20140220,2/20/2014,Thursday,8,February,Feb,2,1,2014
20140221,2/21/2014,Friday,8,February,Feb,2,1,2014
20140222,2/22/2014,Saturday,8,February,Feb,2,1,2014
20140223,2/23/2014,Sunday,9,February,Feb,2,1,2014
20140224,2/24/2014,Monday,9,February,Feb,2,1,2014
20140225,2/25/2014,Tuesday,9,February,Feb,2,1,2014
20140226,2/26/2014,Wednesday,9,February,Feb,2,1,2014
20140227,2/27/2014,Thursday,9,February,Feb,2,1,2014
20140228,2/28/2014,Friday,9,February,Feb,2,1,2014
20140301,3/1/2014,Saturday,9,March,Mar,3,1,2014
20140302,3/2/2014,Sunday,10,March,Mar,3,1,2014
20140303,3/3/2014,Monday,10,March,Mar,3,1,2014
20140304,3/4/2014,Tuesday,10,March,Mar,3,1,2014
20140305,3/5/2014,Wednesday,10,March,Mar,3,1,2014
20140306,3/6/2014,Thursday,10,March,Mar,3,1,2014
20140307,3/7/2014,Friday,10,March,Mar,3,1,2014
20140308,3/8/2014,Saturday,10,March,Mar,3,1,2014
20140309,3/9/2014,Sunday,11,March,Mar,3,1,2014
20140310,3/10/2014,Monday,11,March,Mar,3,1,2014
20140311,3/11/2014,Tuesday,11,March,Mar,3,1,2014
20140312,3/12/2014,Wednesday,11,March,Mar,3,1,2014
20140313,3/13/2014,Thursday,11,March,Mar,3,1,2014
20140314,3/14/2014,Friday,11,March,Mar,3,1,2014
20140315,3/15/2014,Saturday,11,March,Mar,3,1,2014
20140316,3/16/2014,Sunday,12,March,Mar,3,1,2014
20140317,3/17/2014,Monday,12,March,Mar,3,1,2014
20140318,3/18/2014,Tuesday,12,March,Mar,3,1,2014
20140319,3/19/2014,Wednesday,12,March,Mar,3,1,2014
20140320,3/20/2014,Thursday,12,March,Mar,3,1,2014
20140321,3/21/2014,Friday,12,March,Mar,3,1,2014
20140322,3/22/2014,Saturday,12,March,Mar,3,1,2014
20140323,3/23/2014,Sunday,13,March,Mar,3,1,2014
20140324,3/24/2014,Monday,13,March,Mar,3,1,2014
20140325,3/25/2014,Tuesday,13,March,Mar,3,1,2014
20140326,3/26/2014,Wednesday,13,March,Mar,3,1,2014
20140327,3/27/2014,Thursday,13,March,Mar,3,1,2014
20140328,3/28/2014,Friday,13,March,Mar,3,1,2014
20140329,3/29/2014,Saturday,13,March,Mar,3,1,2014
20140330,3/30/2014,Sunday,14,March,Mar,3,1,2014
20140331,3/31/2014,Monday,14,March,Mar,3,1,2014
20140401,4/1/2014,Tuesday,14,April,Apr,4,2,2014
20140402,4/2/2014,Wednesday,14,April,Apr,4,2,2014
20140403,4/3/2014,Thursday,14,April,Apr,4,2,2014
20140404,4/4/2014,Friday,14,April,Apr,4,2,2014
20140405,4/5/2014,Saturday,14,April,Apr,4,2,2014
20140406,4/6/2014,Sunday,15,April,Apr,4,2,2014
20140407,4/7/2014,Monday,15,April,Apr,4,2,2014
20140408,4/8/2014,Tuesday,15,April,Apr,4,2,2014
20140409,4/9/2014,Wednesday,15,April,Apr,4,2,2014
20140410,4/10/2014,Thursday,15,April,Apr,4,2,2014
20140411,4/11/2014,Friday,15,April,Apr,4,2,2014
20140412,4/12/2014,Saturday,15,April,Apr,4,2,2014
20140413,4/13/2014,Sunday,16,April,Apr,4,2,2014
20140414,4/14/2014,Monday,16,April,Apr,4,2,2014
20140415,4/15/2014,Tuesday,16,April,Apr,4,2,2014
20140416,4/16/2014,Wednesday,16,April,Apr,4,2,2014
20140417,4/17/2014,Thursday,16,April,Apr,4,2,2014
20140418,4/18/2014,Friday,16,April,Apr,4,2,2014
20140419,4/19/2014,Saturday,16,April,Apr,4,2,2014
20140420,4/20/2014,Sunday,17,April,Apr,4,2,2014
20140421,4/21/2014,Monday,17,April,Apr,4,2,2014
20140422,4/22/2014,Tuesday,17,April,Apr,4,2,2014
20140423,4/23/2014,Wednesday,17,April,Apr,4,2,2014
20140424,4/24/2014,Thursday,17,April,Apr,4,2,2014
20140425,4/25/2014,Friday,17,April,Apr,4,2,2014
20140426,4/26/2014,Saturday,17,April,Apr,4,2,2014
20140427,4/27/2014,Sunday,18,April,Apr,4,2,2014
20140428,4/28/2014,Monday,18,April,Apr,4,2,2014
20140429,4/29/2014,Tuesday,18,April,Apr,4,2,2014
20140430,4/30/2014,Wednesday,18,April,Apr,4,2,2014
20140501,5/1/2014,Thursday,18,May,May,5,2,2014
20140502,5/2/2014,Friday,18,May,May,5,2,2014
20140503,5/3/2014,Saturday,18,May,May,5,2,2014
20140504,5/4/2014,Sunday,19,May,May,5,2,2014
20140505,5/5/2014,Monday,19,May,May,5,2,2014
20140506,5/6/2014,Tuesday,19,May,May,5,2,2014
20140507,5/7/2014,Wednesday,19,May,May,5,2,2014
20140508,5/8/2014,Thursday,19,May,May,5,2,2014
20140509,5/9/2014,Friday,19,May,May,5,2,2014
20140510,5/10/2014,Saturday,19,May,May,5,2,2014
20140511,5/11/2014,Sunday,20,May,May,5,2,2014
20140512,5/12/2014,Monday,20,May,May,5,2,2014
20140513,5/13/2014,Tuesday,20,May,May,5,2,2014
20140514,5/14/2014,Wednesday,20,May,May,5,2,2014
20140515,5/15/2014,Thursday,20,May,May,5,2,2014
20140516,5/16/2014,Friday,20,May,May,5,2,2014
20140517,5/17/2014,Saturday,20,May,May,5,2,2014
20140518,5/18/2014,Sunday,21,May,May,5,2,2014
20140519,5/19/2014,Monday,21,May,May,5,2,2014
20140520,5/20/2014,Tuesday,21,May,May,5,2,2014
20140521,5/21/2014,Wednesday,21,May,May,5,2,2014
20140522,5/22/2014,Thursday,21,May,May,5,2,2014
20140523,5/23/2014,Friday,21,May,May,5,2,2014
20140524,5/24/2014,Saturday,21,May,May,5,2,2014
20140525,5/25/2014,Sunday,22,May,May,5,2,2014
20140526,5/26/2014,Monday,22,May,May,5,2,2014
20140527,5/27/2014,Tuesday,22,May,May,5,2,2014
20140528,5/28/2014,Wednesday,22,May,May,5,2,2014
20140529,5/29/2014,Thursday,22,May,May,5,2,2014
20140530,5/30/2014,Friday,22,May,May,5,2,2014
20140531,5/31/2014,Saturday,22,May,May,5,2,2014
20140601,6/1/2014,Sunday,23,June,Jun,6,2,2014
20140602,6/2/2014,Monday,23,June,Jun,6,2,2014
20140603,6/3/2014,Tuesday,23,June,Jun,6,2,2014
20140604,6/4/2014,Wednesday,23,June,Jun,6,2,2014
20140605,6/5/2014,Thursday,23,June,Jun,6,2,2014
20140606,6/6/2014,Friday,23,June,Jun,6,2,2014
20140607,6/7/2014,Saturday,23,June,Jun,6,2,2014
20140608,6/8/2014,Sunday,24,June,Jun,6,2,2014
20140609,6/9/2014,Monday,24,June,Jun,6,2,2014
20140610,6/10/2014,Tuesday,24,June,Jun,6,2,2014
20140611,6/11/2014,Wednesday,24,June,Jun,6,2,2014
20140612,6/12/2014,Thursday,24,June,Jun,6,2,2014
20140613,6/13/2014,Friday,24,June,Jun,6,2,2014
20140614,6/14/2014,Saturday,24,June,Jun,6,2,2014
20140615,6/15/2014,Sunday,25,June,Jun,6,2,2014
20140616,6/16/2014,Monday,25,June,Jun,6,2,2014
20140617,6/17/2014,Tuesday,25,June,Jun,6,2,2014
20140618,6/18/2014,Wednesday,25,June,Jun,6,2,2014
20140619,6/19/2014,Thursday,25,June,Jun,6,2,2014
20140620,6/20/2014,Friday,25,June,Jun,6,2,2014
20140621,6/21/2014,Saturday,25,June,Jun,6,2,2014
20140622,6/22/2014,Sunday,26,June,Jun,6,2,2014
20140623,6/23/2014,Monday,26,June,Jun,6,2,2014
20140624,6/24/2014,Tuesday,26,June,Jun,6,2,2014
20140625,6/25/2014,Wednesday,26,June,Jun,6,2,2014
20140626,6/26/2014,Thursday,26,June,Jun,6,2,2014
20140627,6/27/2014,Friday,26,June,Jun,6,2,2014
20140628,6/28/2014,Saturday,26,June,Jun,6,2,2014
20140629,6/29/2014,Sunday,27,June,Jun,6,2,2014
20140630,6/30/2014,Monday,27,June,Jun,6,2,2014
20140701,7/1/2014,Tuesday,27,July,Jul,7,3,2014
20140702,7/2/2014,Wednesday,27,July,Jul,7,3,2014
20140703,7/3/2014,Thursday,27,July,Jul,7,3,2014
20140704,7/4/2014,Friday,27,July,Jul,7,3,2014
20140705,7/5/2014,Saturday,27,July,Jul,7,3,2014
20140706,7/6/2014,Sunday,28,July,Jul,7,3,2014
20140707,7/7/2014,Monday,28,July,Jul,7,3,2014
20140708,7/8/2014,Tuesday,28,July,Jul,7,3,2014
20140709,7/9/2014,Wednesday,28,July,Jul,7,3,2014
20140710,7/10/2014,Thursday,28,July,Jul,7,3,2014
20140711,7/11/2014,Friday,28,July,Jul,7,3,2014
20140712,7/12/2014,Saturday,28,July,Jul,7,3,2014
20140713,7/13/2014,Sunday,29,July,Jul,7,3,2014
20140714,7/14/2014,Monday,29,July,Jul,7,3,2014
20140715,7/15/2014,Tuesday,29,July,Jul,7,3,2014
20140716,7/16/2014,Wednesday,29,July,Jul,7,3,2014
20140717,7/17/2014,Thursday,29,July,Jul,7,3,2014
20140718,7/18/2014,Friday,29,July,Jul,7,3,2014
20140719,7/19/2014,Saturday,29,July,Jul,7,3,2014
20140720,7/20/2014,Sunday,30,July,Jul,7,3,2014
20140721,7/21/2014,Monday,30,July,Jul,7,3,2014
20140722,7/22/2014,Tuesday,30,July,Jul,7,3,2014
20140723,7/23/2014,Wednesday,30,July,Jul,7,3,2014
20140724,7/24/2014,Thursday,30,July,Jul,7,3,2014
20140725,7/25/2014,Friday,30,July,Jul,7,3,2014
20140726,7/26/2014,Saturday,30,July,Jul,7,3,2014
20140727,7/27/2014,Sunday,31,July,Jul,7,3,2014
20140728,7/28/2014,Monday,31,July,Jul,7,3,2014
20140729,7/29/2014,Tuesday,31,July,Jul,7,3,2014
20140730,7/30/2014,Wednesday,31,July,Jul,7,3,2014
20140731,7/31/2014,Thursday,31,July,Jul,7,3,2014
20140801,8/1/2014,Friday,31,August,Aug,8,3,2014
20140802,8/2/2014,Saturday,31,August,Aug,8,3,2014
20140803,8/3/2014,Sunday,32,August,Aug,8,3,2014
20140804,8/4/2014,Monday,32,August,Aug,8,3,2014
20140805,8/5/2014,Tuesday,32,August,Aug,8,3,2014
20140806,8/6/2014,Wednesday,32,August,Aug,8,3,2014
20140807,8/7/2014,Thursday,32,August,Aug,8,3,2014
20140808,8/8/2014,Friday,32,August,Aug,8,3,2014
20140809,8/9/2014,Saturday,32,August,Aug,8,3,2014
20140810,8/10/2014,Sunday,33,August,Aug,8,3,2014
20140811,8/11/2014,Monday,33,August,Aug,8,3,2014
20140812,8/12/2014,Tuesday,33,August,Aug,8,3,2014
20140813,8/13/2014,Wednesday,33,August,Aug,8,3,2014
20140814,8/14/2014,Thursday,33,August,Aug,8,3,2014
20140815,8/15/2014,Friday,33,August,Aug,8,3,2014
20140816,8/16/2014,Saturday,33,August,Aug,8,3,2014
20140817,8/17/2014,Sunday,34,August,Aug,8,3,2014
20140818,8/18/2014,Monday,34,August,Aug,8,3,2014
20140819,8/19/2014,Tuesday,34,August,Aug,8,3,2014
20140820,8/20/2014,Wednesday,34,August,Aug,8,3,2014
20140821,8/21/2014,Thursday,34,August,Aug,8,3,2014
20140822,8/22/2014,Friday,34,August,Aug,8,3,2014
20140823,8/23/2014,Saturday,34,August,Aug,8,3,2014
20140824,8/24/2014,Sunday,35,August,Aug,8,3,2014
20140825,8/25/2014,Monday,35,August,Aug,8,3,2014
20140826,8/26/2014,Tuesday,35,August,Aug,8,3,2014
20140827,8/27/2014,Wednesday,35,August,Aug,8,3,2014
20140828,8/28/2014,Thursday,35,August,Aug,8,3,2014
20140829,8/29/2014,Friday,35,August,Aug,8,3,2014
20140830,8/30/2014,Saturday,35,August,Aug,8,3,2014
20140831,8/31/2014,Sunday,36,August,Aug,8,3,2014
20140901,9/1/2014,Monday,36,September,Sep,9,3,2014
20140902,9/2/2014,Tuesday,36,September,Sep,9,3,2014
20140903,9/3/2014,Wednesday,36,September,Sep,9,3,2014
20140904,9/4/2014,Thursday,36,September,Sep,9,3,2014
20140905,9/5/2014,Friday,36,September,Sep,9,3,2014
20140906,9/6/2014,Saturday,36,September,Sep,9,3,2014
20140907,9/7/2014,Sunday,37,September,Sep,9,3,2014
20140908,9/8/2014,Monday,37,September,Sep,9,3,2014
20140909,9/9/2014,Tuesday,37,September,Sep,9,3,2014
20140910,9/10/2014,Wednesday,37,September,Sep,9,3,2014
20140911,9/11/2014,Thursday,37,September,Sep,9,3,2014
20140912,9/12/2014,Friday,37,September,Sep,9,3,2014
20140913,9/13/2014,Saturday,37,September,Sep,9,3,2014
20140914,9/14/2014,Sunday,38,September,Sep,9,3,2014
20140915,9/15/2014,Monday,38,September,Sep,9,3,2014
20140916,9/16/2014,Tuesday,38,September,Sep,9,3,2014
20140917,9/17/2014,Wednesday,38,September,Sep,9,3,2014
20140918,9/18/2014,Thursday,38,September,Sep,9,3,2014
20140919,9/19/2014,Friday,38,September,Sep,9,3,2014
20140920,9/20/2014,Saturday,38,September,Sep,9,3,2014
20140921,9/21/2014,Sunday,39,September,Sep,9,3,2014
20140922,9/22/2014,Monday,39,September,Sep,9,3,2014
20140923,9/23/2014,Tuesday,39,September,Sep,9,3,2014
20140924,9/24/2014,Wednesday,39,September,Sep,9,3,2014
20140925,9/25/2014,Thursday,39,September,Sep,9,3,2014
20140926,9/26/2014,Friday,39,September,Sep,9,3,2014
20140927,9/27/2014,Saturday,39,September,Sep,9,3,2014
20140928,9/28/2014,Sunday,40,September,Sep,9,3,2014
20140929,9/29/2014,Monday,40,September,Sep,9,3,2014
20140930,9/30/2014,Tuesday,40,September,Sep,9,3,2014
20141001,10/1/2014,Wednesday,40,October,Oct,10,4,2014
20141002,10/2/2014,Thursday,40,October,Oct,10,4,2014
20141003,10/3/2014,Friday,40,October,Oct,10,4,2014
20141004,10/4/2014,Saturday,40,October,Oct,10,4,2014
20141005,10/5/2014,Sunday,41,October,Oct,10,4,2014
20141006,10/6/2014,Monday,41,October,Oct,10,4,2014
20141007,10/7/2014,Tuesday,41,October,Oct,10,4,2014
20141008,10/8/2014,Wednesday,41,October,Oct,10,4,2014
20141009,10/9/2014,Thursday,41,October,Oct,10,4,2014
20141010,10/10/2014,Friday,41,October,Oct,10,4,2014
20141011,10/11/2014,Saturday,41,October,Oct,10,4,2014
20141012,10/12/2014,Sunday,42,October,Oct,10,4,2014
20141013,10/13/2014,Monday,42,October,Oct,10,4,2014
20141014,10/14/2014,Tuesday,42,October,Oct,10,4,2014
20141015,10/15/2014,Wednesday,42,October,Oct,10,4,2014
20141016,10/16/2014,Thursday,42,October,Oct,10,4,2014
20141017,10/17/2014,Friday,42,October,Oct,10,4,2014
20141018,10/18/2014,Saturday,42,October,Oct,10,4,2014
20141019,10/19/2014,Sunday,43,October,Oct,10,4,2014
20141020,10/20/2014,Monday,43,October,Oct,10,4,2014
20141021,10/21/2014,Tuesday,43,October,Oct,10,4,2014
20141022,10/22/2014,Wednesday,43,October,Oct,10,4,2014
20141023,10/23/2014,Thursday,43,October,Oct,10,4,2014
20141024,10/24/2014,Friday,43,October,Oct,10,4,2014
20141025,10/25/2014,Saturday,43,October,Oct,10,4,2014
20141026,10/26/2014,Sunday,44,October,Oct,10,4,2014
20141027,10/27/2014,Monday,44,October,Oct,10,4,2014
20141028,10/28/2014,Tuesday,44,October,Oct,10,4,2014
20141029,10/29/2014,Wednesday,44,October,Oct,10,4,2014
20141030,10/30/2014,Thursday,44,October,Oct,10,4,2014
20141031,10/31/2014,Friday,44,October,Oct,10,4,2014
20141101,11/1/2014,Saturday,44,November,Nov,11,4,2014
20141102,11/2/2014,Sunday,45,November,Nov,11,4,2014
20141103,11/3/2014,Monday,45,November,Nov,11,4,2014
20141104,11/4/2014,Tuesday,45,November,Nov,11,4,2014
20141105,11/5/2014,Wednesday,45,November,Nov,11,4,2014
20141106,11/6/2014,Thursday,45,November,Nov,11,4,2014
20141107,11/7/2014,Friday,45,November,Nov,11,4,2014
20141108,11/8/2014,Saturday,45,November,Nov,11,4,2014
20141109,11/9/2014,Sunday,46,November,Nov,11,4,2014
20141110,11/10/2014,Monday,46,November,Nov,11,4,2014
20141111,11/11/2014,Tuesday,46,November,Nov,11,4,2014
20141112,11/12/2014,Wednesday,46,November,Nov,11,4,2014
20141113,11/13/2014,Thursday,46,November,Nov,11,4,2014
20141114,11/14/2014,Friday,46,November,Nov,11,4,2014
20141115,11/15/2014,Saturday,46,November,Nov,11,4,2014
20141116,11/16/2014,Sunday,47,November,Nov,11,4,2014
20141117,11/17/2014,Monday,47,November,Nov,11,4,2014
20141118,11/18/2014,Tuesday,47,November,Nov,11,4,2014
20141119,11/19/2014,Wednesday,47,November,Nov,11,4,2014
20141120,11/20/2014,Thursday,47,November,Nov,11,4,2014
20141121,11/21/2014,Friday,47,November,Nov,11,4,2014
20141122,11/22/2014,Saturday,47,November,Nov,11,4,2014
20141123,11/23/2014,Sunday,48,November,Nov,11,4,2014
20141124,11/24/2014,Monday,48,November,Nov,11,4,2014
20141125,11/25/2014,Tuesday,48,November,Nov,11,4,2014
20141126,11/26/2014,Wednesday,48,November,Nov,11,4,2014
20141127,11/27/2014,Thursday,48,November,Nov,11,4,2014
20141128,11/28/2014,Friday,48,November,Nov,11,4,2014
20141129,11/29/2014,Saturday,48,November,Nov,11,4,2014
20141130,11/30/2014,Sunday,49,November,Nov,11,4,2014
20141201,12/1/2014,Monday,49,December,Dec,12,4,2014
20141202,12/2/2014,Tuesday,49,December,Dec,12,4,2014
20141203,12/3/2014,Wednesday,49,December,Dec,12,4,2014
20141204,12/4/2014,Thursday,49,December,Dec,12,4,2014
20141205,12/5/2014,Friday,49,December,Dec,12,4,2014
20141206,12/6/2014,Saturday,49,December,Dec,12,4,2014
20141207,12/7/2014,Sunday,50,December,Dec,12,4,2014
20141208,12/8/2014,Monday,50,December,Dec,12,4,2014
20141209,12/9/2014,Tuesday,50,December,Dec,12,4,2014
20141210,12/10/2014,Wednesday,50,December,Dec,12,4,2014
20141211,12/11/2014,Thursday,50,December,Dec,12,4,2014
20141212,12/12/2014,Friday,50,December,Dec,12,4,2014
20141213,12/13/2014,Saturday,50,December,Dec,12,4,2014
20141214,12/14/2014,Sunday,51,December,Dec,12,4,2014
20141215,12/15/2014,Monday,51,December,Dec,12,4,2014
20141216,12/16/2014,Tuesday,51,December,Dec,12,4,2014
20141217,12/17/2014,Wednesday,51,December,Dec,12,4,2014
20141218,12/18/2014,Thursday,51,December,Dec,12,4,2014
20141219,12/19/2014,Friday,51,December,Dec,12,4,2014
20141220,12/20/2014,Saturday,51,December,Dec,12,4,2014
20141221,12/21/2014,Sunday,52,December,Dec,12,4,2014
20141222,12/22/2014,Monday,52,December,Dec,12,4,2014
20141223,12/23/2014,Tuesday,52,December,Dec,12,4,2014
20141224,12/24/2014,Wednesday,52,December,Dec,12,4,2014
20141225,12/25/2014,Thursday,52,December,Dec,12,4,2014
20141226,12/26/2014,Friday,52,December,Dec,12,4,2014
20141227,12/27/2014,Saturday,52,December,Dec,12,4,2014
20141228,12/28/2014,Sunday,53,December,Dec,12,4,2014
20141229,12/29/2014,Monday,53,December,Dec,12,4,2014
20141230,12/30/2014,Tuesday,53,December,Dec,12,4,2014
20141231,12/31/2014,Wednesday,53,December,Dec,12,4,2014
